{
    "image_path": "./data/image/demo_3_9.png",
    "image_height": 612.0,
    "image_width": 792.0,
    "table": [],
    "title": [],
    "paragraph": [
        [
            100.58000183105469,
            72.06547546386719,
            693.8270263671875,
            122.29930877685547
        ]
    ],
    "formula": [
        [
            371.92999267578125,
            506.84222412109375,
            420.0457763671875,
            537.80224609375
        ]
    ],
    "header": [],
    "footer": [
        [
            317.80999755859375,
            561.9336547851562,
            474.1828918457031,
            576.0020141601562
        ]
    ],
    "footnote": [],
    "numbered_list": [],
    "marked_list": [
        [
            93.26399993896484,
            422.0506896972656,
            388.64117431640625,
            484.0592956542969
        ]
    ],
    "table_signature": [],
    "picture_signature": [
        [
            522.0700073242188,
            403.1660461425781,
            702.0256958007812,
            414.8428039550781
        ]
    ],
    "picture": [
        [
            342.0,
            133.55999755859375,
            702.0,
            401.280029296875
        ]
    ]
}