{
    "image_path": "./data/image/demo_3_22.png",
    "image_height": 612.0,
    "image_width": 792.0,
    "table": [],
    "title": [
        [
            90.02400207519531,
            425.2599792480469,
            287.6658630371094,
            436.29998779296875
        ]
    ],
    "paragraph": [
        [
            90.02400207519531,
            110.67607116699219,
            703.677490234375,
            149.2327880859375
        ],
        [
            91.7040023803711,
            295.4598693847656,
            704.5311279296875,
            367.802734375
        ]
    ],
    "formula": [
        [
            372.04998779296875,
            72.36622619628906,
            419.92578125,
            103.32624053955078
        ],
        [
            372.04998779296875,
            162.36622619628906,
            419.92578125,
            193.35623168945312
        ],
        [
            374.2099914550781,
            381.05621337890625,
            417.64581298828125,
            412.0462341308594
        ]
    ],
    "header": [],
    "footer": [
        [
            317.80999755859375,
            561.9576416015625,
            474.1828918457031,
            576.0260009765625
        ]
    ],
    "footnote": [],
    "numbered_list": [
        [
            93.26399993896484,
            198.88766479492188,
            396.0657958984375,
            272.74273681640625
        ]
    ],
    "marked_list": [],
    "table_signature": [],
    "picture_signature": [],
    "picture": []
}