{
    "image_path": "./data/image/demo_2_6.png",
    "image_height": 792.0,
    "image_width": 612.0,
    "table": [
        [
            84.69257300240653,
            596.8347103721217,
            594.9617222377232,
            708.6639973958333
        ]
    ],
    "title": [
        [
            90.02400207519531,
            306.7699890136719,
            504.5246276855469,
            337.9700012207031
        ]
    ],
    "paragraph": [
        [
            90.02400207519531,
            71.94984436035156,
            524.2738037109375,
            114.5527114868164
        ],
        [
            109.33999633789062,
            158.99928283691406,
            525.10498046875,
            250.93923950195312
        ],
        [
            118.45999908447266,
            403.50604248046875,
            523.9236450195312,
            442.0827941894531
        ]
    ],
    "formula": [
        [
            259.6099853515625,
            124.68623352050781,
            352.62298583984375,
            153.31271362304688
        ],
        [
            279.5299987792969,
            263.91619873046875,
            332.3258056640625,
            294.876220703125
        ],
        [
            278.80999755859375,
            456.29620361328125,
            333.0457763671875,
            487.2562255859375
        ]
    ],
    "header": [
        [
            223.1300048828125,
            37.91766357421875,
            388.9708557128906,
            51.98602294921875
        ]
    ],
    "footer": [
        [
            221.57000732421875,
            741.9336547851562,
            390.3270263671875,
            756.0020141601562
        ]
    ],
    "footnote": [],
    "numbered_list": [
        [
            93.26399993896484,
            489.7692565917969,
            465.52960205078125,
            553.562744140625
        ]
    ],
    "marked_list": [
        [
            93.26399993896484,
            343.0707092285156,
            361.81494140625,
            380.8360290527344
        ]
    ],
    "table_signature": [
        [
            90.02400207519531,
            576.337646484375,
            399.7227783203125,
            590.406005859375
        ]
    ],
    "picture_signature": [],
    "picture": []
}