{
    "image_path": "./data/image/demo_0_3.png",
    "image_height": 792.0,
    "image_width": 612.0,
    "table": [
        [
            50.8799991607666,
            72.33800252278645,
            561.219970703125,
            90.75998942057292
        ]
    ],
    "title": [],
    "paragraph": [
        [
            90.02400207519531,
            109.04981994628906,
            524.4901123046875,
            151.75271606445312
        ],
        [
            110.41999816894531,
            183.7854461669922,
            524.67626953125,
            269.0893249511719
        ]
    ],
    "formula": [
        [
            259.6099853515625,
            165.00624084472656,
            352.62298583984375,
            177.79275512695312
        ]
    ],
    "header": [
        [
            220.72999572753906,
            35.9976806640625,
            391.2508239746094,
            50.0660400390625
        ]
    ],
    "footer": [
        [
            220.61000061035156,
            742.07763671875,
            391.31085205078125,
            756.14599609375
        ]
    ],
    "footnote": [],
    "numbered_list": [],
    "marked_list": [],
    "table_signature": [
        [
            90.02400207519531,
            91.09765625,
            385.9828186035156,
            105.166015625
        ]
    ],
    "picture_signature": [],
    "picture": []
}