{
    "image_path": "./data/image/demo_2_8.png",
    "image_height": 792.0,
    "image_width": 612.0,
    "table": [
        [
            17.15999984741211,
            578.5960083007812,
            527.489990234375,
            702.4559936523438
        ]
    ],
    "title": [],
    "paragraph": [
        [
            70.2239990234375,
            71.87922668457031,
            220.04901123046875,
            530.46923828125
        ],
        [
            391.8699951171875,
            71.87922668457031,
            544.7124633789062,
            295.96923828125
        ]
    ],
    "formula": [],
    "header": [
        [
            223.1300048828125,
            37.91766357421875,
            388.9708557128906,
            51.98602294921875
        ]
    ],
    "footer": [
        [
            221.57000732421875,
            741.9336547851562,
            390.3270263671875,
            756.0020141601562
        ]
    ],
    "footnote": [],
    "numbered_list": [],
    "marked_list": [],
    "table_signature": [
        [
            90.02400207519531,
            560.966064453125,
            252.85081481933594,
            572.6427612304688
        ]
    ],
    "picture_signature": [],
    "picture": []
}