{
    "image_path": "./data/image/demo_4_21.png",
    "image_height": 792.0,
    "image_width": 612.0,
    "table": [],
    "title": [],
    "paragraph": [
        [
            92.78399658203125,
            72.06547546386719,
            521.6979370117188,
            139.81930541992188
        ],
        [
            93.02400207519531,
            412.7292785644531,
            522.0614624023438,
            542.3492431640625
        ],
        [
            103.58000183105469,
            588.6498413085938,
            524.5511474609375,
            675.6327514648438
        ]
    ],
    "formula": [
        [
            274.9700012207031,
            556.2562255859375,
            337.1429748535156,
            584.8827514648438
        ]
    ],
    "header": [],
    "footer": [
        [
            196.00999450683594,
            741.9336547851562,
            416.0908508300781,
            756.0020141601562
        ]
    ],
    "footnote": [],
    "numbered_list": [
        [
            93.26399993896484,
            682.9414672851562,
            465.9957580566406,
            710.375244140625
        ]
    ],
    "marked_list": [],
    "table_signature": [],
    "picture_signature": [
        [
            218.4499969482422,
            395.3460388183594,
            521.8935546875,
            407.0227966308594
        ]
    ],
    "picture": [
        [
            193.1999969482422,
            149.16000366210938,
            522.0,
            393.6000061035156
        ]
    ]
}