{
    "image_height": 792.0,
    "image_width": 612.0,
    "table": [],
    "title": [
        [
            206.08999633789062,
            376.70001220703125,
            521.8688354492188,
            397.70001220703125
        ]
    ],
    "paragraph": [
        [
            90.02400207519531,
            71.87922668457031,
            298.2975769042969,
            220.33920288085938
        ],
        [
            90.02400207519531,
            401.9998474121094,
            519.3112182617188,
            429.72271728515625
        ]
    ],
    "formula": [
        [
            241.1300048828125,
            345.7562255859375,
            370.98297119140625,
            358.542724609375
        ]
    ],
    "header": [
        [
            199.61000061035156,
            35.9976806640625,
            412.50286865234375,
            50.0660400390625
        ]
    ],
    "footer": [
        [
            249.1699981689453,
            742.07763671875,
            362.83489990234375,
            756.14599609375
        ]
    ],
    "footnote": [
        [
            90.02400207519531,
            405.6610412597656,
            96.34465789794922,
            411.5697326660156
        ]
    ],
    "numbered_list": [
        [
            93.26399993896484,
            255.9354705810547,
            439.42486572265625,
            336.88922119140625
        ]
    ],
    "marked_list": [],
    "table_signature": [],
    "picture_signature": [],
    "picture": [],
    "multicolumn_2": [],
    "multicolumn_3": []
}