{
    "image_height": 792.0,
    "image_width": 612.0,
    "table": [],
    "title": [
        [
            90.02400207519531,
            511.8399963378906,
            468.10009765625,
            559.9600219726562
        ],
        [
            379.6300048828125,
            631.300048828125,
            514.1298828125,
            644.260009765625
        ],
        [
            455.739990234375,
            649.5400390625,
            514.2299194335938,
            662.5
        ],
        [
            258.04998779296875,
            679.7799682617188,
            345.58697509765625,
            690.8200073242188
        ],
        [
            252.2899932861328,
            695.2559814453125,
            351.3417053222656,
            706.2960205078125
        ]
    ],
    "paragraph": [
        [
            90.02400207519531,
            72.01603698730469,
            523.8519897460938,
            97.15279388427734
        ],
        [
            97.94400024414062,
            147.47926330566406,
            525.1073608398438,
            201.49923706054688
        ],
        [
            90.02400207519531,
            564.1398315429688,
            507.34356689453125,
            641.552734375
        ],
        [
            132.97999572753906,
            643.4898071289062,
            225.63003540039062,
            656.4327392578125
        ],
        [
            107.77999877929688,
            658.2498168945312,
            225.60125732421875,
            671.1927490234375
        ],
        [
            167.05999755859375,
            673.1298217773438,
            225.65164184570312,
            686.07275390625
        ],
        [
            103.0999984741211,
            688.0057983398438,
            225.61325073242188,
            700.94873046875
        ]
    ],
    "formula": [
        [
            279.5299987792969,
            106.32624816894531,
            332.3258056640625,
            137.28622436523438
        ],
        [
            290.57000732421875,
            629.0062255859375,
            299.9020080566406,
            637.0462646484375
        ],
        [
            287.92999267578125,
            641.3662109375,
            312.9820251464844,
            654.1527709960938
        ],
        [
            288.4100036621094,
            659.606201171875,
            302.0620422363281,
            667.646240234375
        ]
    ],
    "header": [
        [
            199.61000061035156,
            35.9976806640625,
            412.50286865234375,
            50.0660400390625
        ]
    ],
    "footer": [
        [
            249.1699981689453,
            742.07763671875,
            362.83489990234375,
            756.14599609375
        ]
    ],
    "footnote": [
        [
            90.02400207519531,
            567.8009643554688,
            96.34465789794922,
            573.709716796875
        ]
    ],
    "numbered_list": [],
    "marked_list": [],
    "table_signature": [],
    "picture_signature": [
        [
            215.80999755859375,
            211.9804229736328,
            396.1237487792969,
            221.40621948242188
        ]
    ],
    "picture": [
        [
            123.72000122070312,
            222.96002197265625,
            488.2799987792969,
            494.0400085449219
        ]
    ],
    "multicolumn_2": [],
    "multicolumn_3": []
}