{
    "image_path": "./data/image/demo_2_5.png",
    "image_height": 792.0,
    "image_width": 612.0,
    "table": [
        [
            17.262856892177037,
            335.2249917984009,
            527.3923979259673,
            678.8649940490723
        ]
    ],
    "title": [
        [
            90.02400207519531,
            135.13998413085938,
            324.3399353027344,
            148.09999084472656
        ]
    ],
    "paragraph": [
        [
            90.02400207519531,
            71.877685546875,
            524.7185668945312,
            118.36602783203125
        ],
        [
            90.02400207519531,
            251.22605895996094,
            523.5350952148438,
            303.3428039550781
        ]
    ],
    "formula": [
        [
            281.92999267578125,
            155.1662139892578,
            330.0457763671875,
            186.12625122070312
        ]
    ],
    "header": [
        [
            223.1300048828125,
            37.91766357421875,
            388.9708557128906,
            51.98602294921875
        ]
    ],
    "footer": [
        [
            221.57000732421875,
            741.9336547851562,
            390.3270263671875,
            756.0020141601562
        ]
    ],
    "footnote": [],
    "numbered_list": [],
    "marked_list": [
        [
            93.26399993896484,
            190.88067626953125,
            451.71588134765625,
            228.40576171875
        ]
    ],
    "table_signature": [
        [
            90.02400207519531,
            317.2260437011719,
            324.61614990234375,
            328.9028015136719
        ]
    ],
    "picture_signature": [],
    "picture": []
}