{
    "image_path": "./data/image/demo_3_21.png",
    "image_height": 612.0,
    "image_width": 792.0,
    "table": [],
    "title": [
        [
            90.02400207519531,
            415.3000183105469,
            282.2199401855469,
            428.260009765625
        ]
    ],
    "paragraph": [
        [
            90.02400207519531,
            435.7992858886719,
            705.1809692382812,
            508.89923095703125
        ]
    ],
    "formula": [],
    "header": [],
    "footer": [
        [
            317.80999755859375,
            561.9576416015625,
            474.1828918457031,
            576.0260009765625
        ]
    ],
    "footnote": [],
    "numbered_list": [],
    "marked_list": [],
    "table_signature": [],
    "picture_signature": [
        [
            269.45001220703125,
            387.8304443359375,
            522.30859375,
            397.2562255859375
        ]
    ],
    "picture": [
        [
            184.55999755859375,
            72.0,
            607.4400024414062,
            386.3999938964844
        ]
    ]
}