{
    "image_path": "./data/image/demo_2_11.png",
    "image_height": 612.0,
    "image_width": 792.0,
    "table": [],
    "title": [
        [
            90.02400207519531,
            375.19000244140625,
            432.5258483886719,
            386.2300109863281
        ]
    ],
    "paragraph": [
        [
            90.02400207519531,
            109.43925476074219,
            705.103515625,
            220.24923706054688
        ],
        [
            90.02400207519531,
            317.7260437011719,
            703.89990234375,
            356.4028015136719
        ],
        [
            90.02400207519531,
            396.4092712402344,
            704.8811645507812,
            450.5492248535156
        ]
    ],
    "formula": [
        [
            374.3299865722656,
            72.24623107910156,
            417.52581787109375,
            103.20624542236328
        ]
    ],
    "header": [
        [
            313.1300048828125,
            37.91766357421875,
            478.9708557128906,
            51.98602294921875
        ]
    ],
    "footer": [
        [
            311.57000732421875,
            561.9336547851562,
            480.3270263671875,
            576.0020141601562
        ]
    ],
    "footnote": [],
    "numbered_list": [],
    "marked_list": [
        [
            93.26399993896484,
            233.087646484375,
            394.52117919921875,
            294.9427185058594
        ],
        [
            93.26399993896484,
            461.5454406738281,
            436.27191162109375,
            524.7352905273438
        ]
    ],
    "table_signature": [],
    "picture_signature": [],
    "picture": []
}