{
    "image_height": 612.0,
    "image_width": 792.0,
    "table": [],
    "title": [
        [
            116.18000030517578,
            426.78997802734375,
            701.8927001953125,
            447.78997802734375
        ]
    ],
    "paragraph": [
        [
            100.22000122070312,
            357.9554748535156,
            704.606689453125,
            408.3393249511719
        ]
    ],
    "formula": [],
    "header": [
        [
            289.6099853515625,
            35.9976806640625,
            502.5028991699219,
            50.0660400390625
        ]
    ],
    "footer": [
        [
            339.1700134277344,
            562.07763671875,
            452.8349304199219,
            576.14599609375
        ]
    ],
    "footnote": [],
    "numbered_list": [],
    "marked_list": [],
    "table_signature": [],
    "picture_signature": [
        [
            261.2900085449219,
            337.0704345703125,
            530.55810546875,
            346.4962158203125
        ]
    ],
    "picture": [
        [
            248.63999938964844,
            72.0,
            543.239990234375,
            335.6400146484375
        ]
    ],
    "multicolumn_2": [],
    "multicolumn_3": []
}