{
    "image_path": "./data/image/demo_0_6.png",
    "image_height": 612.0,
    "image_width": 792.0,
    "table": [],
    "title": [],
    "paragraph": [
        [
            401.45001220703125,
            224.32766723632812,
            722.1221923828125,
            412.539306640625
        ],
        [
            70.19999694824219,
            224.46604919433594,
            388.9789733886719,
            357.8160095214844
        ]
    ],
    "formula": [
        [
            315.7699890136719,
            72.60621643066406,
            476.3429870605469,
            85.39273834228516
        ],
        [
            364.9700012207031,
            158.28623962402344,
            427.1429748535156,
            186.94271850585938
        ]
    ],
    "header": [
        [
            310.7300109863281,
            35.9976806640625,
            481.2508544921875,
            50.0660400390625
        ]
    ],
    "footer": [
        [
            310.6099853515625,
            562.07763671875,
            481.31085205078125,
            576.14599609375
        ]
    ],
    "footnote": [],
    "numbered_list": [
        [
            93.26399993896484,
            87.59925842285156,
            458.86224365234375,
            139.81930541992188
        ]
    ],
    "marked_list": [],
    "table_signature": [],
    "picture_signature": [],
    "picture": []
}