{
    "image_path": "./data/image/demo_1_13.png",
    "image_height": 792.0,
    "image_width": 612.0,
    "table": [
        [
            17.135999298095705,
            640.557707134046,
            527.4496337890625,
            716.9840128580729
        ]
    ],
    "title": [],
    "paragraph": [
        [
            90.02400207519531,
            71.94984436035156,
            489.02490234375,
            159.07272338867188
        ],
        [
            90.02400207519531,
            535.81982421875,
            524.4277954101562,
            608.1927490234375
        ]
    ],
    "formula": [
        [
            293.3299865722656,
            425.4562072753906,
            318.3820495605469,
            463.9762268066406
        ]
    ],
    "header": [
        [
            247.1300048828125,
            36.9576416015625,
            364.99493408203125,
            51.0260009765625
        ]
    ],
    "footer": [
        [
            214.72999572753906,
            741.9336547851562,
            397.262939453125,
            756.0020141601562
        ]
    ],
    "footnote": [],
    "numbered_list": [],
    "marked_list": [
        [
            93.26399993896484,
            465.35546875,
            447.9249572753906,
            516.54931640625
        ]
    ],
    "table_signature": [
        [
            90.02400207519531,
            622.0576782226562,
            247.92721557617188,
            636.1260375976562
        ]
    ],
    "picture_signature": [
        [
            212.69000244140625,
            169.8604278564453,
            399.2025146484375,
            179.28622436523438
        ]
    ],
    "picture": [
        [
            145.8000030517578,
            180.72000122070312,
            466.20001220703125,
            419.0400085449219
        ]
    ]
}