{
    "image_path": "./data/image/demo_2_19.png",
    "image_height": 612.0,
    "image_width": 792.0,
    "table": [
        [
            197.17999267578125,
            72.01999918619792,
            707.489990234375,
            240.17001342773438
        ]
    ],
    "title": [
        [
            90.02400207519531,
            363.07000732421875,
            291.505859375,
            374.1100158691406
        ]
    ],
    "paragraph": [
        [
            102.9800033569336,
            262.2954406738281,
            690.2340698242188,
            347.46929931640625
        ]
    ],
    "formula": [],
    "header": [
        [
            313.1300048828125,
            37.91766357421875,
            478.9708557128906,
            51.98602294921875
        ]
    ],
    "footer": [
        [
            311.57000732421875,
            561.9576416015625,
            480.3270263671875,
            576.0260009765625
        ]
    ],
    "footnote": [],
    "numbered_list": [],
    "marked_list": [],
    "table_signature": [
        [
            90.02400207519531,
            242.087646484375,
            330.0106201171875,
            256.156005859375
        ]
    ],
    "picture_signature": [],
    "picture": []
}