{
    "image_path": "./data/image/demo_3_18.png",
    "image_height": 612.0,
    "image_width": 792.0,
    "table": [
        [
            197.27882295496323,
            131.18000030517578,
            707.3964879653033,
            354.93999671936035
        ]
    ],
    "title": [
        [
            90.02400207519531,
            382.3899841308594,
            368.06585693359375,
            393.42999267578125
        ]
    ],
    "paragraph": [
        [
            93.98400115966797,
            400.8198547363281,
            700.327880859375,
            443.4027404785156
        ]
    ],
    "formula": [
        [
            277.7300109863281,
            454.5262145996094,
            514.4119873046875,
            467.3127136230469
        ]
    ],
    "header": [],
    "footer": [
        [
            317.80999755859375,
            561.9336547851562,
            474.1828918457031,
            576.0020141601562
        ]
    ],
    "footnote": [],
    "numbered_list": [
        [
            93.26399993896484,
            69.30546569824219,
            448.64556884765625,
            108.0727310180664
        ],
        [
            93.26399993896484,
            472.6392822265625,
            460.4693908691406,
            537.0952758789062
        ]
    ],
    "marked_list": [],
    "table_signature": [
        [
            90.02400207519531,
            356.2276611328125,
            399.77874755859375,
            370.2960205078125
        ]
    ],
    "picture_signature": [],
    "picture": []
}