{
    "image_path": "./data/image/demo_1_21.png",
    "image_height": 612.0,
    "image_width": 792.0,
    "table": [
        [
            140.89999389648438,
            72.0200028852983,
            651.2100219726562,
            467.6199951171875
        ]
    ],
    "title": [],
    "paragraph": [
        [
            90.02400207519531,
            487.6760559082031,
            704.1060180664062,
            526.372802734375
        ]
    ],
    "formula": [
        [
            361.8500061035156,
            469.04620361328125,
            430.2629699707031,
            481.8327331542969
        ]
    ],
    "header": [
        [
            337.1300048828125,
            36.9576416015625,
            454.99493408203125,
            51.0260009765625
        ]
    ],
    "footer": [
        [
            304.7300109863281,
            561.9576416015625,
            487.262939453125,
            576.0260009765625
        ]
    ],
    "footnote": [],
    "numbered_list": [],
    "marked_list": [],
    "table_signature": [],
    "picture_signature": [],
    "picture": []
}