{
    "image_path": "./data/image/demo_2_10.png",
    "image_height": 792.0,
    "image_width": 612.0,
    "table": [
        [
            17.247272491455078,
            72.33800252278645,
            527.4082003506747,
            234.6399943033854
        ]
    ],
    "title": [],
    "paragraph": [
        [
            90.02400207519531,
            349.3676452636719,
            507.7025146484375,
            412.156005859375
        ]
    ],
    "formula": [],
    "header": [
        [
            223.1300048828125,
            37.91766357421875,
            388.9708557128906,
            51.98602294921875
        ]
    ],
    "footer": [
        [
            221.57000732421875,
            741.9336547851562,
            390.3270263671875,
            756.0020141601562
        ]
    ],
    "footnote": [],
    "numbered_list": [
        [
            93.26399993896484,
            251.97544860839844,
            402.58282470703125,
            327.40924072265625
        ]
    ],
    "marked_list": [],
    "table_signature": [
        [
            90.02400207519531,
            237.0360565185547,
            332.86871337890625,
            248.71279907226562
        ]
    ],
    "picture_signature": [],
    "picture": []
}