{
    "image_path": "./data/image/demo_0_16.png",
    "image_height": 792.0,
    "image_width": 612.0,
    "table": [],
    "title": [
        [
            90.02400207519531,
            100.81997680664062,
            477.3899230957031,
            113.77997589111328
        ],
        [
            90.02400207519531,
            318.1700134277344,
            299.73992919921875,
            331.1300048828125
        ],
        [
            90.02400207519531,
            369.6499938964844,
            303.3858642578125,
            380.69000244140625
        ]
    ],
    "paragraph": [
        [
            112.94000244140625,
            142.337646484375,
            524.5184936523438,
            204.885986328125
        ],
        [
            90.02400207519531,
            232.16981506347656,
            524.2976684570312,
            296.62274169921875
        ]
    ],
    "formula": [
        [
            274.9700012207031,
            123.72621154785156,
            337.1429748535156,
            136.51272583007812
        ],
        [
            259.6099853515625,
            213.48622131347656,
            352.62298583984375,
            226.27273559570312
        ],
        [
            261.4100036621094,
            341.5027160644531,
            350.7320251464844,
            352.542724609375
        ],
        [
            281.92999267578125,
            391.4762268066406,
            330.0457763671875,
            422.45623779296875
        ]
    ],
    "header": [
        [
            220.72999572753906,
            35.9976806640625,
            391.2508239746094,
            50.0660400390625
        ]
    ],
    "footer": [
        [
            220.61000061035156,
            742.07763671875,
            391.31085205078125,
            756.14599609375
        ]
    ],
    "footnote": [
        [
            90.02400207519531,
            235.8310089111328,
            96.34465789794922,
            241.73971557617188
        ]
    ],
    "numbered_list": [],
    "marked_list": [],
    "table_signature": [
        [
            90.02400207519531,
            71.9976806640625,
            486.061279296875,
            86.0660400390625
        ]
    ],
    "picture_signature": [],
    "picture": []
}