{
    "image_path": "./data/image/demo_1_10.png",
    "image_height": 612.0,
    "image_width": 792.0,
    "table": [
        [
            140.89999389648438,
            72.02001953125,
            651.2139892578125,
            387.78997802734375
        ]
    ],
    "title": [],
    "paragraph": [],
    "formula": [],
    "header": [
        [
            337.1300048828125,
            36.9576416015625,
            454.99493408203125,
            51.0260009765625
        ]
    ],
    "footer": [
        [
            304.7300109863281,
            561.9576416015625,
            487.262939453125,
            576.0260009765625
        ]
    ],
    "footnote": [],
    "numbered_list": [],
    "marked_list": [],
    "table_signature": [
        [
            90.02400207519531,
            388.77764892578125,
            424.5074157714844,
            402.84600830078125
        ]
    ],
    "picture_signature": [],
    "picture": []
}