{
    "image_path": "./data/image/demo_3_20.png",
    "image_height": 612.0,
    "image_width": 792.0,
    "table": [],
    "title": [
        [
            90.02400207519531,
            115.57998657226562,
            269.97991943359375,
            128.5399932861328
        ]
    ],
    "paragraph": [
        [
            107.9000015258789,
            72.03605651855469,
            703.8263549804688,
            97.15279388427734
        ],
        [
            104.54000091552734,
            135.3054656982422,
            704.646728515625,
            220.60931396484375
        ]
    ],
    "formula": [],
    "header": [],
    "footer": [
        [
            317.80999755859375,
            561.9576416015625,
            474.1828918457031,
            576.0260009765625
        ]
    ],
    "footnote": [],
    "numbered_list": [],
    "marked_list": [],
    "table_signature": [],
    "picture_signature": [],
    "picture": []
}