{
    "image_path": "./data/image/demo_2_1.png",
    "image_height": 792.0,
    "image_width": 612.0,
    "table": [
        [
            50.982856205531526,
            329.16198577880857,
            561.1123802548364,
            540.1900146484375
        ],
        [
            84.62400182088216,
            691.5525207519531,
            594.9599609375,
            719.5421518179087
        ]
    ],
    "title": [],
    "paragraph": [
        [
            90.02400207519531,
            111.56983947753906,
            525.125244140625,
            218.05923461914062
        ],
        [
            90.02400207519531,
            542.87548828125,
            519.6637573242188,
            680.7392578125
        ]
    ],
    "formula": [
        [
            281.92999267578125,
            74.26625061035156,
            330.0457763671875,
            105.24625396728516
        ],
        [
            199.97000122070312,
            287.9162292480469,
            412.1720275878906,
            300.7027282714844
        ]
    ],
    "header": [
        [
            223.1300048828125,
            37.91766357421875,
            388.9708557128906,
            51.98602294921875
        ]
    ],
    "footer": [
        [
            221.57000732421875,
            741.9336547851562,
            390.3270263671875,
            756.0020141601562
        ]
    ],
    "footnote": [
        [
            90.02400207519531,
            115.23103332519531,
            96.34465789794922,
            121.1397476196289
        ]
    ],
    "numbered_list": [
        [
            93.26399993896484,
            227.84986877441406,
            419.1517333984375,
            265.2492980957031
        ]
    ],
    "marked_list": [],
    "table_signature": [
        [
            90.02400207519531,
            308.6876525878906,
            363.5752868652344,
            322.7560119628906
        ]
    ],
    "picture_signature": [],
    "picture": []
}