{
    "image_path": "./data/image/demo_1_5.png",
    "image_height": 612.0,
    "image_width": 792.0,
    "table": [],
    "title": [
        [
            90.02400207519531,
            369.5500183105469,
            444.35992431640625,
            382.510009765625
        ]
    ],
    "paragraph": [
        [
            70.19999694824219,
            106.64985656738281,
            388.6675109863281,
            192.46279907226562
        ],
        [
            401.45001220703125,
            106.64985656738281,
            695.7380981445312,
            182.98272705078125
        ],
        [
            94.7040023803711,
            225.1198272705078,
            699.5548706054688,
            267.7027282714844
        ],
        [
            90.02400207519531,
            298.6998596191406,
            704.4322509765625,
            356.042724609375
        ],
        [
            90.02400207519531,
            390.28985595703125,
            344.1211853027344,
            403.23272705078125
        ],
        [
            90.02400207519531,
            444.8360290527344,
            703.9285278320312,
            483.3927917480469
        ]
    ],
    "formula": [
        [
            336.04998779296875,
            279.8962097167969,
            456.092041015625,
            292.6827392578125
        ],
        [
            346.489990234375,
            412.4062194824219,
            445.62298583984375,
            441.0327453613281
        ]
    ],
    "header": [
        [
            337.1300048828125,
            36.9576416015625,
            454.99493408203125,
            51.0260009765625
        ]
    ],
    "footer": [
        [
            304.7300109863281,
            561.9576416015625,
            487.262939453125,
            576.0260009765625
        ]
    ],
    "footnote": [
        [
            70.19999694824219,
            110.31101989746094,
            76.5206527709961,
            116.21973419189453
        ],
        [
            401.45001220703125,
            110.31101989746094,
            407.77069091796875,
            116.21973419189453
        ],
        [
            401.45001220703125,
            143.91102600097656,
            407.77069091796875,
            149.81973266601562
        ],
        [
            90.02400207519531,
            393.9510192871094,
            96.34465789794922,
            399.8597106933594
        ]
    ],
    "numbered_list": [
        [
            93.26399993896484,
            493.5192565917969,
            463.7572326660156,
            533.999267578125
        ]
    ],
    "marked_list": [],
    "table_signature": [],
    "picture_signature": [],
    "picture": []
}