{
    "image_path": "./data/image/demo_4_8.png",
    "image_height": 612.0,
    "image_width": 792.0,
    "table": [],
    "title": [
        [
            90.02400207519531,
            181.85000610351562,
            420.6258544921875,
            192.88999938964844
        ]
    ],
    "paragraph": [
        [
            92.18399810791016,
            72.06547546386719,
            702.314697265625,
            157.21929931640625
        ],
        [
            90.02400207519531,
            237.74925231933594,
            705.1123046875,
            397.14923095703125
        ]
    ],
    "formula": [
        [
            371.92999267578125,
            202.7162322998047,
            420.0457763671875,
            233.67623901367188
        ]
    ],
    "header": [],
    "footer": [
        [
            286.010009765625,
            561.9576416015625,
            506.0907287597656,
            576.0260009765625
        ]
    ],
    "footnote": [
        [
            90.02400207519531,
            324.0810241699219,
            96.34465789794922,
            329.9897155761719
        ]
    ],
    "numbered_list": [
        [
            93.26399993896484,
            407.1192932128906,
            467.7961730957031,
            459.3393249511719
        ]
    ],
    "marked_list": [],
    "table_signature": [],
    "picture_signature": [],
    "picture": []
}