{
    "image_height": 792.0,
    "image_width": 612.0,
    "table": [
        [
            84.70870769725127,
            208.12997436523438,
            594.9333292643229,
            361.40000915527344
        ]
    ],
    "title": [
        [
            134.17999267578125,
            432.19000244140625,
            483.2618408203125,
            489.7900085449219
        ],
        [
            306.6499938964844,
            629.6199951171875,
            513.1958618164062,
            640.6600341796875
        ]
    ],
    "paragraph": [
        [
            90.02400207519531,
            71.877685546875,
            522.6366577148438,
            118.36602783203125
        ],
        [
            90.02400207519531,
            168.08985900878906,
            489.1278381347656,
            195.79275512695312
        ],
        [
            90.02400207519531,
            385.67987060546875,
            512.7533569335938,
            413.5027160644531
        ],
        [
            96.38400268554688,
            519.6198120117188,
            286.38909912109375,
            532.562744140625
        ],
        [
            90.02400207519531,
            523.281005859375,
            185.81117248535156,
            547.4427490234375
        ],
        [
            91.58399963378906,
            558.2598266601562,
            496.0288391113281,
            638.4327392578125
        ],
        [
            91.2239990234375,
            640.3161010742188,
            297.3823547363281,
            692.4327392578125
        ]
    ],
    "formula": [
        [
            281.92999267578125,
            126.84620666503906,
            330.0457763671875,
            157.80624389648438
        ],
        [
            362.2300109863281,
            519.896240234375,
            455.22296142578125,
            532.6827392578125
        ],
        [
            359.1099853515625,
            536.4562377929688,
            458.22296142578125,
            548.5227661132812
        ]
    ],
    "header": [
        [
            199.61000061035156,
            35.9976806640625,
            412.50286865234375,
            50.0660400390625
        ]
    ],
    "footer": [
        [
            249.1699981689453,
            742.07763671875,
            362.83489990234375,
            756.14599609375
        ]
    ],
    "footnote": [
        [
            90.02400207519531,
            171.75099182128906,
            96.34465789794922,
            177.65969848632812
        ],
        [
            90.02400207519531,
            389.3410339355469,
            96.34465789794922,
            395.2497253417969
        ],
        [
            90.02400207519531,
            523.281005859375,
            96.34465789794922,
            529.1897583007812
        ],
        [
            306.04998779296875,
            561.9210205078125,
            312.37066650390625,
            567.8297729492188
        ]
    ],
    "numbered_list": [],
    "marked_list": [],
    "table_signature": [
        [
            90.02400207519531,
            361.7276611328125,
            321.2412109375,
            375.7960205078125
        ]
    ],
    "picture_signature": [],
    "picture": [],
    "multicolumn_2": [],
    "multicolumn_3": []
}