{
    "image_path": "./data/image/demo_1_9.png",
    "image_height": 612.0,
    "image_width": 792.0,
    "table": [
        [
            140.89999389648438,
            420.3399963378906,
            651.2139892578125,
            539.3466796875
        ]
    ],
    "title": [],
    "paragraph": [
        [
            90.02400207519531,
            384.6198425292969,
            678.8137817382812,
            412.4727478027344
        ]
    ],
    "formula": [],
    "header": [
        [
            337.1300048828125,
            36.9576416015625,
            454.99493408203125,
            51.0260009765625
        ]
    ],
    "footer": [
        [
            304.7300109863281,
            561.9576416015625,
            487.262939453125,
            576.0260009765625
        ]
    ],
    "footnote": [],
    "numbered_list": [],
    "marked_list": [],
    "table_signature": [],
    "picture_signature": [
        [
            90.02400207519531,
            368.5582275390625,
            265.1286315917969,
            379.1094970703125
        ]
    ],
    "picture": [
        [
            90.0,
            72.00003051757812,
            486.6000061035156,
            366.96002197265625
        ]
    ]
}