{
    "image_path": "./data/image/demo_0_21.png",
    "image_height": 612.0,
    "image_width": 792.0,
    "table": [],
    "title": [],
    "paragraph": [
        [
            96.86399841308594,
            72.06547546386719,
            697.7445068359375,
            174.88931274414062
        ],
        [
            90.02400207519531,
            524.4698486328125,
            433.1811828613281,
            537.4127807617188
        ]
    ],
    "formula": [],
    "header": [
        [
            310.7300109863281,
            35.9976806640625,
            481.2508544921875,
            50.0660400390625
        ]
    ],
    "footer": [
        [
            310.6099853515625,
            562.07763671875,
            481.31085205078125,
            576.14599609375
        ]
    ],
    "footnote": [
        [
            90.02400207519531,
            528.1309814453125,
            96.34465789794922,
            534.0397338867188
        ]
    ],
    "numbered_list": [],
    "marked_list": [],
    "table_signature": [],
    "picture_signature": [
        [
            501.9100036621094,
            509.5604553222656,
            701.9857788085938,
            518.9862670898438
        ]
    ],
    "picture": [
        [
            273.0,
            189.12002563476562,
            702.0,
            508.20001220703125
        ]
    ]
}