{
    "image_path": "./data/image/demo_1_3.png",
    "image_height": 612.0,
    "image_width": 792.0,
    "table": [],
    "title": [],
    "paragraph": [
        [
            291.04998779296875,
            87.71925354003906,
            503.2958679199219,
            470.8592224121094
        ],
        [
            70.19999694824219,
            87.80982971191406,
            277.91998291015625,
            204.1693115234375
        ],
        [
            511.8699951171875,
            87.87608337402344,
            721.864013671875,
            238.542724609375
        ]
    ],
    "formula": [],
    "header": [
        [
            337.1300048828125,
            36.9576416015625,
            454.99493408203125,
            51.0260009765625
        ]
    ],
    "footer": [
        [
            304.7300109863281,
            561.9336547851562,
            487.262939453125,
            576.0020141601562
        ]
    ],
    "footnote": [
        [
            70.19999694824219,
            91.47102355957031,
            76.5206527709961,
            97.3797378540039
        ]
    ],
    "numbered_list": [],
    "marked_list": [],
    "table_signature": [],
    "picture_signature": [],
    "picture": []
}