{
    "image_path": "./data/image/demo_0_7.png",
    "image_height": 612.0,
    "image_width": 792.0,
    "table": [],
    "title": [],
    "paragraph": [
        [
            90.02400207519531,
            71.89764404296875,
            704.3626098632812,
            102.166015625
        ]
    ],
    "formula": [],
    "header": [
        [
            310.7300109863281,
            35.9976806640625,
            481.2508544921875,
            50.0660400390625
        ]
    ],
    "footer": [
        [
            310.6099853515625,
            562.07763671875,
            481.31085205078125,
            576.14599609375
        ]
    ],
    "footnote": [],
    "numbered_list": [],
    "marked_list": [],
    "table_signature": [],
    "picture_signature": [
        [
            285.8900146484375,
            116.43605041503906,
            505.80755615234375,
            128.11279296875
        ]
    ],
    "picture": [
        [
            229.55999755859375,
            129.83999633789062,
            562.4400024414062,
            377.2799987792969
        ]
    ]
}