{
    "image_height": 792.0,
    "image_width": 612.0,
    "table": [
        [
            50.97599906921387,
            187.46923828125,
            561.1273386101974,
            382.03181596235794
        ]
    ],
    "title": [],
    "paragraph": [
        [
            90.02400207519531,
            110.67607116699219,
            524.2740478515625,
            176.23281860351562
        ],
        [
            90.02400207519531,
            405.35986328125,
            519.6921997070312,
            447.9627380371094
        ],
        [
            90.02400207519531,
            509.8092956542969,
            525.1655883789062,
            679.832763671875
        ]
    ],
    "formula": [
        [
            259.6099853515625,
            72.22621154785156,
            352.62298583984375,
            100.87271881103516
        ],
        [
            293.3299865722656,
            461.2162170410156,
            318.3820495605469,
            499.7362365722656
        ]
    ],
    "header": [
        [
            199.61000061035156,
            35.9976806640625,
            412.50286865234375,
            50.0660400390625
        ]
    ],
    "footer": [
        [
            249.1699981689453,
            742.07763671875,
            362.83489990234375,
            756.14599609375
        ]
    ],
    "footnote": [
        [
            90.02400207519531,
            655.6710205078125,
            96.34465789794922,
            661.5797729492188
        ]
    ],
    "numbered_list": [],
    "marked_list": [],
    "table_signature": [
        [
            90.02400207519531,
            382.4398498535156,
            235.22312927246094,
            395.3827209472656
        ]
    ],
    "picture_signature": [],
    "picture": [],
    "multicolumn_2": [],
    "multicolumn_3": []
}