{
    "image_path": "./data/image/demo_0_23.png",
    "image_height": 612.0,
    "image_width": 792.0,
    "table": [],
    "title": [
        [
            90.02400207519531,
            82.10000610351562,
            475.7258605957031,
            93.14000701904297
        ]
    ],
    "paragraph": [
        [
            90.02400207519531,
            100.337646484375,
            704.5928344726562,
            146.926025390625
        ],
        [
            101.9000015258789,
            234.9060516357422,
            693.3413696289062,
            287.04278564453125
        ]
    ],
    "formula": [],
    "header": [
        [
            310.7300109863281,
            35.9976806640625,
            481.2508544921875,
            50.0660400390625
        ]
    ],
    "footer": [
        [
            310.6099853515625,
            562.07763671875,
            481.31085205078125,
            576.14599609375
        ]
    ],
    "footnote": [],
    "numbered_list": [
        [
            93.26399993896484,
            155.1298370361328,
            349.5323181152344,
            216.529296875
        ]
    ],
    "marked_list": [],
    "table_signature": [],
    "picture_signature": [],
    "picture": []
}