{
    "image_path": "./data/image/demo_0_19.png",
    "image_height": 612.0,
    "image_width": 792.0,
    "table": [
        [
            140.89999389648438,
            481.5399827223558,
            651.2139892578125,
            528.9969153771034
        ]
    ],
    "title": [
        [
            90.02400207519531,
            80.18002319335938,
            410.30584716796875,
            91.22002410888672
        ],
        [
            90.02400207519531,
            196.25,
            421.419921875,
            209.2100067138672
        ]
    ],
    "paragraph": [
        [
            90.02400207519531,
            100.50547790527344,
            702.9572143554688,
            168.25930786132812
        ],
        [
            93.26399993896484,
            215.82606506347656,
            700.4976196289062,
            241.06280517578125
        ],
        [
            100.45999908447266,
            316.5798645019531,
            704.5311279296875,
            359.1627502441406
        ],
        [
            97.10399627685547,
            424.9698791503906,
            704.5311279296875,
            467.552734375
        ]
    ],
    "formula": [],
    "header": [
        [
            310.7300109863281,
            35.9976806640625,
            481.2508544921875,
            50.0660400390625
        ]
    ],
    "footer": [
        [
            310.6099853515625,
            562.07763671875,
            481.31085205078125,
            576.14599609375
        ]
    ],
    "footnote": [],
    "numbered_list": [
        [
            93.26399993896484,
            248.8798370361328,
            386.4811706542969,
            297.8427429199219
        ],
        [
            93.26399993896484,
            369.2598571777344,
            357.6811828613281,
            406.6593017578125
        ]
    ],
    "marked_list": [],
    "table_signature": [],
    "picture_signature": [],
    "picture": []
}