{
    "image_height": 792.0,
    "image_width": 612.0,
    "table": [],
    "title": [],
    "paragraph": [
        [
            90.02400207519531,
            71.94984436035156,
            479.65118408203125,
            84.89273834228516
        ]
    ],
    "formula": [],
    "header": [
        [
            199.61000061035156,
            35.9976806640625,
            412.50286865234375,
            50.0660400390625
        ]
    ],
    "footer": [
        [
            249.1699981689453,
            742.0536499023438,
            362.83489990234375,
            756.1220092773438
        ]
    ],
    "footnote": [
        [
            90.02400207519531,
            75.61103820800781,
            99.1084976196289,
            81.5197525024414
        ]
    ],
    "numbered_list": [],
    "marked_list": [],
    "table_signature": [],
    "picture_signature": [],
    "picture": [],
    "multicolumn_2": [],
    "multicolumn_3": []
}