{
    "image_path": "./data/image/demo_1_11.png",
    "image_height": 612.0,
    "image_width": 792.0,
    "table": [],
    "title": [],
    "paragraph": [
        [
            119.77999877929688,
            71.89764404296875,
            704.7067260742188,
            150.64602661132812
        ],
        [
            96.74400329589844,
            180.95985412597656,
            697.693359375,
            238.4227294921875
        ]
    ],
    "formula": [
        [
            346.489990234375,
            162.24623107910156,
            445.62298583984375,
            175.06271362304688
        ],
        [
            371.92999267578125,
            326.5762023925781,
            420.0457763671875,
            357.5362243652344
        ]
    ],
    "header": [
        [
            337.1300048828125,
            36.9576416015625,
            454.99493408203125,
            51.0260009765625
        ]
    ],
    "footer": [
        [
            304.7300109863281,
            561.9576416015625,
            487.262939453125,
            576.0260009765625
        ]
    ],
    "footnote": [],
    "numbered_list": [
        [
            93.26399993896484,
            242.5492706298828,
            463.59918212890625,
            307.02923583984375
        ]
    ],
    "marked_list": [],
    "table_signature": [],
    "picture_signature": [],
    "picture": []
}