{
    "image_path": "./data/image/demo_3_8.png",
    "image_height": 792.0,
    "image_width": 612.0,
    "table": [],
    "title": [
        [
            90.02400207519531,
            243.05001831054688,
            411.9599304199219,
            256.010009765625
        ]
    ],
    "paragraph": [
        [
            90.02400207519531,
            176.65765380859375,
            519.3865356445312,
            223.12603759765625
        ]
    ],
    "formula": [
        [
            274.9700012207031,
            143.1127471923828,
            337.1429748535156,
            169.99270629882812
        ]
    ],
    "header": [],
    "footer": [
        [
            227.80999755859375,
            741.9336547851562,
            384.1828918457031,
            756.0020141601562
        ]
    ],
    "footnote": [],
    "numbered_list": [
        [
            93.26399993896484,
            71.10981750488281,
            452.24066162109375,
            120.7392349243164
        ]
    ],
    "marked_list": [],
    "table_signature": [],
    "picture_signature": [],
    "picture": []
}