{
    "image_path": "./data/image/demo_3_10.png",
    "image_height": 612.0,
    "image_width": 792.0,
    "table": [
        [
            140.89999389648438,
            322.27000645228793,
            651.2099609375,
            533.280029296875
        ]
    ],
    "title": [
        [
            90.02400207519531,
            77.66000366210938,
            344.73992919921875,
            90.62000274658203
        ],
        [
            90.02400207519531,
            283.2699890136719,
            435.8858642578125,
            294.30999755859375
        ]
    ],
    "paragraph": [
        [
            90.02400207519531,
            206.6398468017578,
            700.7039184570312,
            264.10272216796875
        ]
    ],
    "formula": [
        [
            372.04998779296875,
            168.51622009277344,
            419.92578125,
            199.47622680664062
        ]
    ],
    "header": [],
    "footer": [
        [
            317.80999755859375,
            561.9576416015625,
            474.1828918457031,
            576.0260009765625
        ]
    ],
    "footnote": [],
    "numbered_list": [
        [
            93.26399993896484,
            96.32984924316406,
            387.0811767578125,
            145.27273559570312
        ]
    ],
    "marked_list": [],
    "table_signature": [
        [
            90.02400207519531,
            303.68603515625,
            327.58233642578125,
            315.36279296875
        ]
    ],
    "picture_signature": [],
    "picture": []
}