{
    "image_path": "./data/image/demo_3_23.png",
    "image_height": 612.0,
    "image_width": 792.0,
    "table": [],
    "title": [],
    "paragraph": [
        [
            90.02400207519531,
            71.96986389160156,
            695.7178344726562,
            129.4327392578125
        ],
        [
            90.02400207519531,
            181.7276611328125,
            704.4109497070312,
            228.31600952148438
        ]
    ],
    "formula": [
        [
            371.92999267578125,
            143.52622985839844,
            420.0457763671875,
            174.5162353515625
        ]
    ],
    "header": [],
    "footer": [
        [
            317.80999755859375,
            561.9576416015625,
            474.1828918457031,
            576.0260009765625
        ]
    ],
    "footnote": [],
    "numbered_list": [],
    "marked_list": [],
    "table_signature": [],
    "picture_signature": [],
    "picture": []
}