{
    "image_path": "./data/image/demo_3_7.png",
    "image_height": 792.0,
    "image_width": 612.0,
    "table": [],
    "title": [],
    "paragraph": [
        [
            90.02400207519531,
            392.6398620605469,
            524.4144897460938,
            455.042724609375
        ],
        [
            90.74400329589844,
            534.7398071289062,
            524.5311279296875,
            607.11279296875
        ],
        [
            99.50399780273438,
            643.0098266601562,
            514.9306640625,
            685.5927734375
        ]
    ],
    "formula": [
        [
            293.3299865722656,
            72.34620666503906,
            318.3820495605469,
            111.0062026977539
        ],
        [
            256.489990234375,
            621.3262329101562,
            355.62298583984375,
            634.11279296875
        ]
    ],
    "header": [],
    "footer": [
        [
            227.80999755859375,
            741.9336547851562,
            384.1828918457031,
            756.0020141601562
        ]
    ],
    "footnote": [
        [
            90.02400207519531,
            396.301025390625,
            96.34465789794922,
            402.209716796875
        ]
    ],
    "numbered_list": [
        [
            93.26399993896484,
            462.1876525878906,
            424.665283203125,
            512.4692993164062
        ],
        [
            93.26399993896484,
            695.6858520507812,
            258.0283203125,
            708.6287841796875
        ]
    ],
    "marked_list": [],
    "table_signature": [],
    "picture_signature": [
        [
            241.25,
            374.7304382324219,
            370.7333679199219,
            384.1562194824219
        ]
    ],
    "picture": [
        [
            134.27999877929688,
            118.08000183105469,
            477.6000061035156,
            373.44000244140625
        ]
    ]
}