{
    "image_path": "./data/image/demo_4_7.png",
    "image_height": 612.0,
    "image_width": 792.0,
    "table": [
        [
            84.72505408839176,
            236.57923067533054,
            594.8342301218133,
            509.40400390625
        ]
    ],
    "title": [],
    "paragraph": [
        [
            90.02400207519531,
            71.96986389160156,
            704.4083862304688,
            129.4327392578125
        ]
    ],
    "formula": [],
    "header": [],
    "footer": [
        [
            286.010009765625,
            561.9576416015625,
            506.0907287597656,
            576.0260009765625
        ]
    ],
    "footnote": [],
    "numbered_list": [
        [
            93.26399993896484,
            140.58546447753906,
            462.06671142578125,
            215.59600830078125
        ]
    ],
    "marked_list": [],
    "table_signature": [
        [
            90.02400207519531,
            511.79766845703125,
            397.7289123535156,
            525.8660278320312
        ]
    ],
    "picture_signature": [],
    "picture": []
}