{
    "image_path": "./data/image/demo_0_2.png",
    "image_height": 792.0,
    "image_width": 612.0,
    "table": [
        [
            50.96727180480957,
            520.524995803833,
            561.1327015269886,
            718.1960245768229
        ]
    ],
    "title": [],
    "paragraph": [
        [
            90.02400207519531,
            388.65545654296875,
            524.8983154296875,
            491.58929443359375
        ]
    ],
    "formula": [
        [
            228.88999938964844,
            501.4162292480469,
            383.3429870605469,
            514.2027587890625
        ]
    ],
    "header": [
        [
            220.72999572753906,
            35.9976806640625,
            391.2508239746094,
            50.0660400390625
        ]
    ],
    "footer": [
        [
            220.61000061035156,
            742.07763671875,
            391.31085205078125,
            756.14599609375
        ]
    ],
    "footnote": [],
    "numbered_list": [],
    "marked_list": [],
    "table_signature": [],
    "picture_signature": [
        [
            316.7300109863281,
            372.49822998046875,
            522.1126708984375,
            383.04949951171875
        ]
    ],
    "picture": [
        [
            120.0,
            72.0,
            522.0,
            370.9200134277344
        ]
    ]
}