{
    "image_path": "./data/image/demo_3_16.png",
    "image_height": 792.0,
    "image_width": 612.0,
    "table": [
        [
            17.135999298095705,
            624.2389173005756,
            527.4496337890625,
            717.2331455775669
        ]
    ],
    "title": [],
    "paragraph": [
        [
            90.02400207519531,
            118.11607360839844,
            523.9483032226562,
            156.79281616210938
        ],
        [
            90.02400207519531,
            460.099853515625,
            512.6913452148438,
            502.6827392578125
        ],
        [
            93.50399780273438,
            536.82763671875,
            518.3289184570312,
            615.6060180664062
        ]
    ],
    "formula": [
        [
            293.3299865722656,
            72.34620666503906,
            318.3820495605469,
            111.0062026977539
        ],
        [
            228.88999938964844,
            515.2161865234375,
            383.3429870605469,
            528.0027465820312
        ]
    ],
    "header": [],
    "footer": [
        [
            227.80999755859375,
            741.9336547851562,
            384.1828918457031,
            756.0020141601562
        ]
    ],
    "footnote": [],
    "numbered_list": [],
    "marked_list": [],
    "table_signature": [],
    "picture_signature": [
        [
            302.57000732421875,
            439.6460266113281,
            521.8333129882812,
            451.3227844238281
        ]
    ],
    "picture": [
        [
            200.27999877929688,
            170.52001953125,
            522.0,
            437.8800048828125
        ]
    ]
}