{
    "image_path": "./data/image/demo_4_14.png",
    "image_height": 792.0,
    "image_width": 612.0,
    "table": [],
    "title": [
        [
            90.02400207519531,
            262.7300109863281,
            295.7799377441406,
            275.69000244140625
        ]
    ],
    "paragraph": [
        [
            90.02400207519531,
            183.68983459472656,
            500.615234375,
            241.03274536132812
        ],
        [
            90.02400207519531,
            285.3060302734375,
            513.5720825195312,
            337.42279052734375
        ]
    ],
    "formula": [
        [
            261.4100036621094,
            166.63270568847656,
            350.7320251464844,
            177.67269897460938
        ],
        [
            244.25,
            420.4162292480469,
            367.98297119140625,
            433.2027282714844
        ]
    ],
    "header": [],
    "footer": [
        [
            196.00999450683594,
            741.9336547851562,
            416.0908508300781,
            756.0020141601562
        ]
    ],
    "footnote": [],
    "numbered_list": [
        [
            93.26399993896484,
            70.1976318359375,
            436.5433349609375,
            144.49929809570312
        ],
        [
            93.26399993896484,
            350.27984619140625,
            392.6226806640625,
            399.4360046386719
        ],
        [
            93.26399993896484,
            687.4058227539062,
            368.8611755371094,
            712.3487548828125
        ]
    ],
    "marked_list": [],
    "table_signature": [],
    "picture_signature": [
        [
            266.3299865722656,
            672.188232421875,
            522.0406494140625,
            682.739501953125
        ]
    ],
    "picture": [
        [
            210.72000122070312,
            439.08001708984375,
            522.0,
            670.5599975585938
        ]
    ]
}