{
    "image_path": "./data/image/demo_2_14.png",
    "image_height": 612.0,
    "image_width": 792.0,
    "table": [],
    "title": [],
    "paragraph": [
        [
            90.02400207519531,
            71.87922668457031,
            705.19189453125,
            182.68923950195312
        ]
    ],
    "formula": [
        [
            374.2099914550781,
            197.6762237548828,
            417.64581298828125,
            228.63623046875
        ]
    ],
    "header": [
        [
            313.1300048828125,
            37.91766357421875,
            478.9708557128906,
            51.98602294921875
        ]
    ],
    "footer": [
        [
            311.57000732421875,
            561.9576416015625,
            480.3270263671875,
            576.0260009765625
        ]
    ],
    "footnote": [],
    "numbered_list": [
        [
            93.26399993896484,
            232.1754608154297,
            370.40118408203125,
            295.3893127441406
        ]
    ],
    "marked_list": [],
    "table_signature": [],
    "picture_signature": [],
    "picture": []
}