{
    "image_path": "./data/image/demo_4_1.png",
    "image_height": 792.0,
    "image_width": 612.0,
    "table": [
        [
            17.261052382619756,
            398.34326553344727,
            527.3942276804071,
            697.6709823608398
        ]
    ],
    "title": [
        [
            90.02400207519531,
            203.30001831054688,
            297.6258544921875,
            214.3400115966797
        ]
    ],
    "paragraph": [
        [
            96.98400115966797,
            117.06547546386719,
            517.6295166015625,
            184.81930541992188
        ],
        [
            90.02400207519531,
            316.3492736816406,
            505.7936706542969,
            389.3292236328125
        ]
    ],
    "formula": [
        [
            293.3299865722656,
            74.38624572753906,
            318.3820495605469,
            112.9262466430664
        ]
    ],
    "header": [],
    "footer": [
        [
            196.00999450683594,
            741.9336547851562,
            416.0908508300781,
            756.0020141601562
        ]
    ],
    "footnote": [],
    "numbered_list": [
        [
            93.26399993896484,
            220.86546325683594,
            436.25592041015625,
            296.08929443359375
        ]
    ],
    "marked_list": [],
    "table_signature": [
        [
            90.02400207519531,
            700.48583984375,
            272.9009094238281,
            713.4287719726562
        ]
    ],
    "picture_signature": [],
    "picture": []
}