{
    "image_path": "./data/image/demo_3_19.png",
    "image_height": 612.0,
    "image_width": 792.0,
    "table": [],
    "title": [],
    "paragraph": [
        [
            90.02400207519531,
            106.67924499511719,
            701.6282958984375,
            187.39273071289062
        ]
    ],
    "formula": [],
    "header": [],
    "footer": [
        [
            317.80999755859375,
            561.9336547851562,
            474.1828918457031,
            576.0020141601562
        ]
    ],
    "footnote": [
        [
            90.02400207519531,
            178.1110076904297,
            96.34465789794922,
            184.01971435546875
        ]
    ],
    "numbered_list": [
        [
            93.26399993896484,
            70.2176513671875,
            281.0729064941406,
            84.2860107421875
        ]
    ],
    "marked_list": [],
    "table_signature": [],
    "picture_signature": [],
    "picture": []
}