{
    "image_path": "./data/image/demo_2_2.png",
    "image_height": 792.0,
    "image_width": 612.0,
    "table": [
        [
            84.72505408839176,
            72.36559651692708,
            594.8589124177631,
            396.7699975967407
        ]
    ],
    "title": [],
    "paragraph": [],
    "formula": [],
    "header": [
        [
            223.1300048828125,
            37.91766357421875,
            388.9708557128906,
            51.98602294921875
        ]
    ],
    "footer": [
        [
            221.57000732421875,
            741.9336547851562,
            390.3270263671875,
            756.0020141601562
        ]
    ],
    "footnote": [],
    "numbered_list": [],
    "marked_list": [
        [
            93.26399993896484,
            415.8676452636719,
            440.16192626953125,
            454.1492919921875
        ]
    ],
    "table_signature": [
        [
            90.02400207519531,
            400.0260314941406,
            243.18988037109375,
            411.7027893066406
        ]
    ],
    "picture_signature": [],
    "picture": []
}