{
    "image_path": "./data/image/demo_2_20.png",
    "image_height": 612.0,
    "image_width": 792.0,
    "table": [
        [
            197.18000030517578,
            498.4095947265625,
            707.4966939290365,
            532.4700012207031
        ]
    ],
    "title": [
        [
            90.02400207519531,
            376.1499938964844,
            356.42584228515625,
            387.19000244140625
        ]
    ],
    "paragraph": [
        [
            90.02400207519531,
            319.76605224609375,
            693.13330078125,
            358.3227844238281
        ],
        [
            139.22000122070312,
            397.5192565917969,
            705.1528930664062,
            470.6192321777344
        ]
    ],
    "formula": [],
    "header": [
        [
            313.1300048828125,
            37.91766357421875,
            478.9708557128906,
            51.98602294921875
        ]
    ],
    "footer": [
        [
            311.57000732421875,
            561.9576416015625,
            480.3270263671875,
            576.0260009765625
        ]
    ],
    "footnote": [],
    "numbered_list": [],
    "marked_list": [],
    "table_signature": [
        [
            90.02400207519531,
            479.0898742675781,
            306.10723876953125,
            492.0327453613281
        ]
    ],
    "picture_signature": [
        [
            283.7300109863281,
            302.7504577636719,
            508.3018493652344,
            312.1762390136719
        ]
    ],
    "picture": [
        [
            241.67999267578125,
            72.0,
            550.3200073242188,
            301.44000244140625
        ]
    ]
}