{
    "image_height": 792.0,
    "image_width": 612.0,
    "table": [
        [
            17.207999801635744,
            652.8200276692709,
            527.5200042724609,
            715.7960001627604
        ]
    ],
    "title": [],
    "paragraph": [
        [
            90.02400207519531,
            351.3892822265625,
            525.15478515625,
            621.21923828125
        ]
    ],
    "formula": [],
    "header": [
        [
            199.61000061035156,
            35.9976806640625,
            412.50286865234375,
            50.0660400390625
        ]
    ],
    "footer": [
        [
            249.1699981689453,
            742.0536499023438,
            362.83489990234375,
            756.1220092773438
        ]
    ],
    "footnote": [
        [
            90.02400207519531,
            436.6410217285156,
            99.10657501220703,
            442.5497131347656
        ]
    ],
    "numbered_list": [],
    "marked_list": [],
    "table_signature": [
        [
            90.02400207519531,
            630.8360595703125,
            383.19842529296875,
            642.5127563476562
        ]
    ],
    "picture_signature": [
        [
            185.2100067138672,
            328.0260314941406,
            426.4717712402344,
            339.7027893066406
        ]
    ],
    "picture": [
        [
            135.0,
            72.0,
            477.0,
            326.2799987792969
        ]
    ],
    "multicolumn_2": [],
    "multicolumn_3": []
}