{
    "image_path": "./data/image/demo_4_3.png",
    "image_height": 792.0,
    "image_width": 612.0,
    "table": [],
    "title": [
        [
            90.02400207519531,
            168.49996948242188,
            327.9599304199219,
            181.45997619628906
        ],
        [
            90.02400207519531,
            638.7400512695312,
            284.73992919921875,
            651.7000122070312
        ]
    ],
    "paragraph": [
        [
            90.02400207519531,
            71.877685546875,
            515.8784790039062,
            150.64599609375
        ],
        [
            90.02400207519531,
            244.91981506347656,
            489.6466979980469,
            272.7427062988281
        ],
        [
            311.45001220703125,
            314.06927490234375,
            541.4845581054688,
            505.0827331542969
        ],
        [
            70.2239990234375,
            314.2076416015625,
            300.17059326171875,
            461.28271484375
        ],
        [
            90.02400207519531,
            529.729248046875,
            514.6950073242188,
            621.6992797851562
        ],
        [
            90.02400207519531,
            662.3592529296875,
            525.1760864257812,
            716.615234375
        ]
    ],
    "formula": [],
    "header": [],
    "footer": [
        [
            196.00999450683594,
            741.9336547851562,
            416.0908508300781,
            756.0020141601562
        ]
    ],
    "footnote": [
        [
            90.02400207519531,
            248.5810089111328,
            96.34465789794922,
            254.48971557617188
        ],
        [
            311.45001220703125,
            480.9210205078125,
            317.77069091796875,
            486.8297119140625
        ]
    ],
    "numbered_list": [],
    "marked_list": [
        [
            93.26399993896484,
            186.377685546875,
            419.4878845214844,
            224.446044921875
        ]
    ],
    "table_signature": [],
    "picture_signature": [],
    "picture": []
}