{
    "image_path": "./data/image/demo_1_2.png",
    "image_height": 612.0,
    "image_width": 792.0,
    "table": [],
    "title": [],
    "paragraph": [
        [
            90.02400207519531,
            409.4060363769531,
            704.2056274414062,
            510.3927307128906
        ]
    ],
    "formula": [],
    "header": [
        [
            337.1300048828125,
            36.9576416015625,
            454.99493408203125,
            51.0260009765625
        ]
    ],
    "footer": [
        [
            304.7300109863281,
            561.9336547851562,
            487.262939453125,
            576.0020141601562
        ]
    ],
    "footnote": [
        [
            90.02400207519531,
            465.4710388183594,
            96.34465789794922,
            471.3797302246094
        ]
    ],
    "numbered_list": [],
    "marked_list": [],
    "table_signature": [],
    "picture_signature": [
        [
            90.02400207519531,
            391.88604736328125,
            332.6802673339844,
            403.56280517578125
        ]
    ],
    "picture": [
        [
            90.0,
            72.0,
            517.6799926757812,
            390.0
        ]
    ]
}