{
    "image_path": "./data/image/demo_4_11.png",
    "image_height": 612.0,
    "image_width": 792.0,
    "table": [
        [
            84.6240005493164,
            107.77999877929688,
            594.9299926757812,
            447.1000061035156
        ]
    ],
    "title": [],
    "paragraph": [],
    "formula": [
        [
            374.2099914550781,
            72.60621643066406,
            417.64581298828125,
            103.56623077392578
        ]
    ],
    "header": [],
    "footer": [
        [
            286.010009765625,
            561.9576416015625,
            506.0907287597656,
            576.0260009765625
        ]
    ],
    "footnote": [],
    "numbered_list": [],
    "marked_list": [],
    "table_signature": [
        [
            90.02400207519531,
            449.1560363769531,
            360.6476135253906,
            460.8327941894531
        ]
    ],
    "picture_signature": [],
    "picture": []
}