{
    "image_path": "./data/image/demo_1_14.png",
    "image_height": 792.0,
    "image_width": 612.0,
    "table": [
        [
            17.19199930826823,
            72.34984537760417,
            527.4012308756511,
            396.9071350097656
        ]
    ],
    "title": [],
    "paragraph": [
        [
            98.18399810791016,
            465.1154479980469,
            516.354248046875,
            568.029296875
        ],
        [
            90.02400207519531,
            668.959228515625,
            513.6712646484375,
            704.375244140625
        ]
    ],
    "formula": [],
    "header": [
        [
            247.1300048828125,
            36.9576416015625,
            364.99493408203125,
            51.0260009765625
        ]
    ],
    "footer": [
        [
            214.72999572753906,
            741.9336547851562,
            397.262939453125,
            756.0020141601562
        ]
    ],
    "footnote": [],
    "numbered_list": [
        [
            93.26399993896484,
            396.35986328125,
            356.0299987792969,
            445.9892272949219
        ],
        [
            93.26399993896484,
            574.5855102539062,
            448.54736328125,
            650.019287109375
        ]
    ],
    "marked_list": [],
    "table_signature": [],
    "picture_signature": [],
    "picture": []
}