{
    "image_path": "./data/image/demo_2_13.png",
    "image_height": 612.0,
    "image_width": 792.0,
    "table": [],
    "title": [
        [
            90.02400207519531,
            193.010009765625,
            444.8399353027344,
            205.9700164794922
        ],
        [
            90.02400207519531,
            504.8399963378906,
            343.8258361816406,
            515.8800048828125
        ]
    ],
    "paragraph": [
        [
            92.66400146484375,
            130.69766235351562,
            704.6527709960938,
            177.19601440429688
        ],
        [
            95.42400360107422,
            311.32928466796875,
            699.4701538085938,
            403.2992248535156
        ],
        [
            103.94000244140625,
            461.9298400878906,
            704.5311279296875,
            489.7527160644531
        ]
    ],
    "formula": [
        [
            383.3299865722656,
            417.20623779296875,
            408.3820495605469,
            455.8462219238281
        ]
    ],
    "header": [
        [
            313.1300048828125,
            37.91766357421875,
            478.9708557128906,
            51.98602294921875
        ]
    ],
    "footer": [
        [
            311.57000732421875,
            561.9576416015625,
            480.3270263671875,
            576.0260009765625
        ]
    ],
    "footnote": [],
    "numbered_list": [
        [
            93.26399993896484,
            215.7598419189453,
            405.0474548339844,
            288.72271728515625
        ]
    ],
    "marked_list": [
        [
            93.26399993896484,
            70.52069854736328,
            440.355224609375,
            108.4992904663086
        ]
    ],
    "table_signature": [],
    "picture_signature": [],
    "picture": []
}