{
    "image_height": 792.0,
    "image_width": 612.0,
    "table": [
        [
            50.880001068115234,
            453.9100036621094,
            561.2200317382812,
            709.3110046386719
        ]
    ],
    "title": [
        [
            90.02400207519531,
            211.06997680664062,
            485.2840576171875,
            264.02001953125
        ],
        [
            90.02400207519531,
            338.8999938964844,
            480.2549133300781,
            391.6999816894531
        ]
    ],
    "paragraph": [
        [
            92.30400085449219,
            72.06547546386719,
            522.3843994140625,
            192.25930786132812
        ],
        [
            110.54000091552734,
            268.5060119628906,
            510.1351318359375,
            320.622802734375
        ],
        [
            90.02400207519531,
            396.18603515625,
            523.8320922851562,
            421.44281005859375
        ]
    ],
    "formula": [],
    "header": [
        [
            199.61000061035156,
            35.9976806640625,
            412.50286865234375,
            50.0660400390625
        ]
    ],
    "footer": [
        [
            249.1699981689453,
            742.07763671875,
            362.83489990234375,
            756.14599609375
        ]
    ],
    "footnote": [],
    "numbered_list": [],
    "marked_list": [],
    "table_signature": [
        [
            90.02400207519531,
            432.3260498046875,
            282.8705749511719,
            444.0028076171875
        ]
    ],
    "picture_signature": [],
    "picture": [],
    "multicolumn_2": [],
    "multicolumn_3": []
}