{
    "image_path": "./data/image/demo_3_13.png",
    "image_height": 612.0,
    "image_width": 792.0,
    "table": [
        [
            197.2759994506836,
            173.92999114990235,
            707.3993509928385,
            363.93400115966796
        ]
    ],
    "title": [],
    "paragraph": [],
    "formula": [],
    "header": [],
    "footer": [
        [
            317.80999755859375,
            561.9576416015625,
            474.1828918457031,
            576.0260009765625
        ]
    ],
    "footnote": [],
    "numbered_list": [],
    "marked_list": [
        [
            93.26399993896484,
            70.52069854736328,
            389.72119140625,
            132.2860107421875
        ]
    ],
    "table_signature": [
        [
            90.02400207519531,
            154.95606994628906,
            302.94891357421875,
            166.6328125
        ]
    ],
    "picture_signature": [],
    "picture": []
}