{
    "image_height": 792.0,
    "image_width": 612.0,
    "table": [],
    "title": [],
    "paragraph": [
        [
            90.02400207519531,
            116.87922668457031,
            385.5671081542969,
            133.33920288085938
        ],
        [
            90.02400207519531,
            162.13763427734375,
            314.67694091796875,
            176.20599365234375
        ]
    ],
    "formula": [],
    "header": [
        [
            199.61000061035156,
            35.9976806640625,
            412.50286865234375,
            50.0660400390625
        ]
    ],
    "footer": [
        [
            249.1699981689453,
            742.07763671875,
            362.83489990234375,
            756.14599609375
        ]
    ],
    "footnote": [],
    "numbered_list": [
        [
            90.02400207519531,
            71.9976806640625,
            483.5542907714844,
            114.4992446899414
        ],
        [
            90.02400207519531,
            145.817626953125,
            499.25048828125,
            159.885986328125
        ],
        [
            90.02400207519531,
            188.2498321533203,
            499.9311828613281,
            201.19271850585938
        ]
    ],
    "marked_list": [],
    "table_signature": [],
    "picture_signature": [],
    "picture": [],
    "multicolumn_2": [],
    "multicolumn_3": []
}