{
    "image_path": "./data/image/demo_1_1.png",
    "image_height": 792.0,
    "image_width": 612.0,
    "table": [],
    "title": [
        [
            90.02400207519531,
            83.06002807617188,
            341.0858459472656,
            94.10002899169922
        ],
        [
            90.02400207519531,
            225.86001586914062,
            383.0399169921875,
            238.8200225830078
        ],
        [
            90.02400207519531,
            343.010009765625,
            277.4658508300781,
            354.0500183105469
        ]
    ],
    "paragraph": [
        [
            90.02400207519531,
            101.46549987792969,
            509.87908935546875,
            169.21932983398438
        ],
        [
            90.02400207519531,
            248.3998565673828,
            524.3068237304688,
            290.98272705078125
        ],
        [
            90.02400207519531,
            379.2292785644531,
            513.4326782226562,
            452.2292175292969
        ]
    ],
    "formula": [
        [
            278.92999267578125,
            182.88624572753906,
            332.92578125,
            213.84622192382812
        ],
        [
            256.489990234375,
            300.22271728515625,
            355.62298583984375,
            327.10272216796875
        ],
        [
            215.3300018310547,
            360.5162048339844,
            396.8120422363281,
            373.302734375
        ]
    ],
    "header": [
        [
            247.1300048828125,
            36.9576416015625,
            364.99493408203125,
            51.0260009765625
        ]
    ],
    "footer": [
        [
            214.72999572753906,
            741.9336547851562,
            397.262939453125,
            756.0020141601562
        ]
    ],
    "footnote": [],
    "numbered_list": [],
    "marked_list": [
        [
            93.26399993896484,
            462.1692810058594,
            470.33685302734375,
            526.6292724609375
        ]
    ],
    "table_signature": [],
    "picture_signature": [],
    "picture": []
}