{
    "image_path": "./data/image/demo_4_6.png",
    "image_height": 612.0,
    "image_width": 792.0,
    "table": [],
    "title": [],
    "paragraph": [
        [
            90.02400207519531,
            71.89764404296875,
            704.6288452148438,
            118.48602294921875
        ]
    ],
    "formula": [
        [
            374.2099914550781,
            130.8062286376953,
            417.64581298828125,
            161.7662353515625
        ]
    ],
    "header": [],
    "footer": [
        [
            286.010009765625,
            561.9336547851562,
            506.0907287597656,
            576.0020141601562
        ]
    ],
    "footnote": [],
    "numbered_list": [],
    "marked_list": [],
    "table_signature": [],
    "picture_signature": [],
    "picture": []
}