{
    "image_height": 792.0,
    "image_width": 612.0,
    "table": [],
    "title": [],
    "paragraph": [
        [
            90.02400207519531,
            72.06547546386719,
            524.8027954101562,
            316.9027404785156
        ],
        [
            90.02400207519531,
            377.7598571777344,
            519.2310791015625,
            441.36279296875
        ],
        [
            90.02400207519531,
            491.65985107421875,
            524.6083984375,
            715.08203125
        ]
    ],
    "formula": [
        [
            293.3299865722656,
            329.19622802734375,
            318.3820495605469,
            367.7162170410156
        ],
        [
            259.6099853515625,
            453.29620361328125,
            352.62298583984375,
            481.9227294921875
        ]
    ],
    "header": [
        [
            199.61000061035156,
            35.9976806640625,
            412.50286865234375,
            50.0660400390625
        ]
    ],
    "footer": [
        [
            249.1699981689453,
            742.07763671875,
            362.83489990234375,
            756.14599609375
        ]
    ],
    "footnote": [
        [
            90.02400207519531,
            169.2310333251953,
            99.10657501220703,
            175.13973999023438
        ],
        [
            90.02400207519531,
            307.62103271484375,
            99.10657501220703,
            313.52972412109375
        ],
        [
            90.02400207519531,
            381.4210205078125,
            99.10657501220703,
            387.3297119140625
        ],
        [
            90.02400207519531,
            495.3210144042969,
            99.10657501220703,
            501.2297058105469
        ],
        [
            90.02400207519531,
            616.5509643554688,
            99.10657501220703,
            622.459716796875
        ]
    ],
    "numbered_list": [],
    "marked_list": [],
    "table_signature": [],
    "picture_signature": [],
    "picture": [],
    "multicolumn_2": [],
    "multicolumn_3": []
}