{
    "image_path": "./data/image/demo_3_3.png",
    "image_height": 792.0,
    "image_width": 612.0,
    "table": [
        [
            17.169999440511067,
            72.32797241210938,
            527.4341786702474,
            170.66000027126736
        ],
        [
            17.169999440511067,
            646.4199829101562,
            527.4341786702474,
            708.8845738002232
        ]
    ],
    "title": [],
    "paragraph": [
        [
            90.02400207519531,
            193.07923889160156,
            508.30426025390625,
            306.4627380371094
        ],
        [
            90.02400207519531,
            360.4554443359375,
            524.7379760742188,
            463.2693176269531
        ]
    ],
    "formula": [
        [
            293.3299865722656,
            314.79620361328125,
            318.3820495605469,
            353.31622314453125
        ],
        [
            271.8500061035156,
            474.84271240234375,
            340.2629699707031,
            501.72271728515625
        ],
        [
            256.489990234375,
            591.752685546875,
            355.62298583984375,
            618.6327514648438
        ]
    ],
    "header": [],
    "footer": [
        [
            227.80999755859375,
            741.9336547851562,
            384.1828918457031,
            756.0020141601562
        ]
    ],
    "footnote": [
        [
            90.02400207519531,
            282.4210205078125,
            96.34465789794922,
            288.3297119140625
        ]
    ],
    "numbered_list": [],
    "marked_list": [
        [
            93.26399993896484,
            506.7076416015625,
            452.1695556640625,
            569.229248046875
        ]
    ],
    "table_signature": [
        [
            90.02400207519531,
            172.09765625,
            313.24493408203125,
            186.166015625
        ],
        [
            90.02400207519531,
            625.4176635742188,
            449.9627990722656,
            639.4860229492188
        ]
    ],
    "picture_signature": [],
    "picture": []
}