{
    "image_path": "./data/image/demo_1_16.png",
    "image_height": 792.0,
    "image_width": 612.0,
    "table": [],
    "title": [
        [
            90.02400207519531,
            209.66000366210938,
            222.5799102783203,
            222.62001037597656
        ]
    ],
    "paragraph": [
        [
            90.02400207519531,
            72.06547546386719,
            508.90704345703125,
            122.17928314208984
        ],
        [
            90.02400207519531,
            154.71604919433594,
            523.9840698242188,
            193.39279174804688
        ],
        [
            90.02400207519531,
            286.1276550292969,
            524.4944458007812,
            332.59600830078125
        ]
    ],
    "formula": [
        [
            256.489990234375,
            135.96620178222656,
            355.62298583984375,
            148.75271606445312
        ]
    ],
    "header": [
        [
            247.1300048828125,
            36.9576416015625,
            364.99493408203125,
            51.0260009765625
        ]
    ],
    "footer": [
        [
            214.72999572753906,
            741.9336547851562,
            397.262939453125,
            756.0020141601562
        ]
    ],
    "footnote": [],
    "numbered_list": [
        [
            93.26399993896484,
            226.6792755126953,
            462.765380859375,
            267.1692199707031
        ]
    ],
    "marked_list": [],
    "table_signature": [],
    "picture_signature": [
        [
            220.85000610351562,
            346.53045654296875,
            391.1995849609375,
            355.95623779296875
        ]
    ],
    "picture": [
        [
            103.68000030517578,
            357.4800109863281,
            508.32000732421875,
            658.4400024414062
        ]
    ]
}