{
    "image_height": 612.0,
    "image_width": 792.0,
    "table": [],
    "title": [],
    "paragraph": [
        [
            90.02400207519531,
            346.6460266113281,
            703.7197875976562,
            395.5227355957031
        ]
    ],
    "formula": [],
    "header": [
        [
            289.6099853515625,
            35.9976806640625,
            502.5028991699219,
            50.0660400390625
        ]
    ],
    "footer": [
        [
            339.1700134277344,
            562.0536499023438,
            452.8349304199219,
            576.1220092773438
        ]
    ],
    "footnote": [
        [
            90.02400207519531,
            386.24102783203125,
            99.10657501220703,
            392.14971923828125
        ]
    ],
    "numbered_list": [],
    "marked_list": [],
    "table_signature": [],
    "picture_signature": [
        [
            286.25,
            72.03605651855469,
            505.490234375,
            83.7127914428711
        ]
    ],
    "picture": [
        [
            228.47999572753906,
            85.43998718261719,
            563.52001953125,
            334.67999267578125
        ]
    ],
    "multicolumn_2": [],
    "multicolumn_3": []
}