{
    "image_path": "./data/image/demo_2_21.png",
    "image_height": 612.0,
    "image_width": 792.0,
    "table": [
        [
            197.27882295496323,
            72.3800048828125,
            707.3964879653033,
            253.51399993896484
        ],
        [
            84.62400182088216,
            516.0092303936298,
            594.9366963704427,
            536.5384568434495
        ]
    ],
    "title": [],
    "paragraph": [
        [
            111.37999725341797,
            301.2676696777344,
            704.5928344726562,
            363.93603515625
        ]
    ],
    "formula": [
        [
            383.3299865722656,
            256.4762268066406,
            408.3820495605469,
            295.13623046875
        ],
        [
            374.2099914550781,
            375.41619873046875,
            417.64581298828125,
            406.4062194824219
        ]
    ],
    "header": [
        [
            313.1300048828125,
            37.91766357421875,
            478.9708557128906,
            51.98602294921875
        ]
    ],
    "footer": [
        [
            311.57000732421875,
            561.9576416015625,
            480.3270263671875,
            576.0260009765625
        ]
    ],
    "footnote": [],
    "numbered_list": [],
    "marked_list": [
        [
            93.26399993896484,
            409.0392761230469,
            413.0963134765625,
            472.8327331542969
        ]
    ],
    "table_signature": [
        [
            90.02400207519531,
            495.5776672363281,
            342.7328186035156,
            509.6460266113281
        ]
    ],
    "picture_signature": [],
    "picture": []
}