{
    "image_path": "./data/image/demo_4_5.png",
    "image_height": 792.0,
    "image_width": 612.0,
    "table": [
        [
            84.69257300240653,
            72.36676494891827,
            594.8913922991071,
            161.812744140625
        ]
    ],
    "title": [],
    "paragraph": [],
    "formula": [],
    "header": [],
    "footer": [
        [
            196.00999450683594,
            741.9336547851562,
            416.0908508300781,
            756.0020141601562
        ]
    ],
    "footnote": [],
    "numbered_list": [],
    "marked_list": [],
    "table_signature": [
        [
            90.02400207519531,
            164.4360809326172,
            294.5548095703125,
            176.11282348632812
        ]
    ],
    "picture_signature": [],
    "picture": []
}