{
    "image_path": "./data/image/demo_0_1.png",
    "image_height": 792.0,
    "image_width": 612.0,
    "table": [
        [
            84.72282499425552,
            182.87000274658203,
            594.8611414292279,
            454.2899971008301
        ]
    ],
    "title": [],
    "paragraph": [
        [
            101.54000091552734,
            104.67607116699219,
            512.62646484375,
            156.79281616210938
        ]
    ],
    "formula": [
        [
            256.489990234375,
            72.22621154785156,
            355.62298583984375,
            100.87271881103516
        ]
    ],
    "header": [
        [
            220.72999572753906,
            35.9976806640625,
            391.2508239746094,
            50.0660400390625
        ]
    ],
    "footer": [
        [
            220.61000061035156,
            742.07763671875,
            391.31085205078125,
            756.14599609375
        ]
    ],
    "footnote": [],
    "numbered_list": [],
    "marked_list": [],
    "table_signature": [
        [
            90.02400207519531,
            165.56983947753906,
            381.52349853515625,
            178.51272583007812
        ]
    ],
    "picture_signature": [],
    "picture": []
}