{
    "image_path": "./data/image/demo_1_17.png",
    "image_height": 612.0,
    "image_width": 792.0,
    "table": [
        [
            197.26727225563744,
            279.54499340057373,
            707.4127502441406,
            457.2849950790405
        ]
    ],
    "title": [
        [
            90.02400207519531,
            470.0199890136719,
            379.7799377441406,
            482.97998046875
        ]
    ],
    "paragraph": [
        [
            95.42400360107422,
            72.06547546386719,
            699.0906982421875,
            122.17928314208984
        ],
        [
            91.94400024414062,
            227.46604919433594,
            701.7571411132812,
            252.58279418945312
        ]
    ],
    "formula": [],
    "header": [
        [
            337.1300048828125,
            36.9576416015625,
            454.99493408203125,
            51.0260009765625
        ]
    ],
    "footer": [
        [
            304.7300109863281,
            561.9336547851562,
            487.262939453125,
            576.0020141601562
        ]
    ],
    "footnote": [],
    "numbered_list": [
        [
            93.26399993896484,
            134.72984313964844,
            462.89263916015625,
            208.36923217773438
        ]
    ],
    "marked_list": [],
    "table_signature": [
        [
            90.02400207519531,
            263.5860290527344,
            248.95462036132812,
            275.2627868652344
        ]
    ],
    "picture_signature": [],
    "picture": []
}