{
    "image_path": "./data/image/demo_2_9.png",
    "image_height": 792.0,
    "image_width": 612.0,
    "table": [
        [
            17.177142688206263,
            71.9959716796875,
            527.4750017438616,
            346.489997016059
        ],
        [
            17.177142688206263,
            656.2750091552734,
            527.4750017438616,
            716.2759806315104
        ]
    ],
    "title": [],
    "paragraph": [
        [
            90.02400207519531,
            370.0076599121094,
            524.7185668945312,
            448.8960266113281
        ],
        [
            103.69999694824219,
            491.03546142578125,
            524.65673828125,
            541.269287109375
        ],
        [
            90.02400207519531,
            570.6198120117188,
            524.38427734375,
            642.8727416992188
        ]
    ],
    "formula": [
        [
            250.49000549316406,
            349.4762268066406,
            361.74298095703125,
            362.2627258300781
        ],
        [
            287.2099914550781,
            458.4027099609375,
            324.8829650878906,
            485.28271484375
        ],
        [
            221.57000732421875,
            549.7762451171875,
            390.572021484375,
            562.562744140625
        ]
    ],
    "header": [
        [
            223.1300048828125,
            37.91766357421875,
            388.9708557128906,
            51.98602294921875
        ]
    ],
    "footer": [
        [
            221.57000732421875,
            741.9336547851562,
            390.3270263671875,
            756.0020141601562
        ]
    ],
    "footnote": [],
    "numbered_list": [],
    "marked_list": [],
    "table_signature": [],
    "picture_signature": [],
    "picture": []
}