{
    "image_path": "./data/image/demo_0_8.png",
    "image_height": 612.0,
    "image_width": 792.0,
    "table": [
        [
            140.89999389648438,
            335.3500061035156,
            651.2099609375,
            514.885724748884
        ]
    ],
    "title": [],
    "paragraph": [
        [
            103.81999969482422,
            71.87922668457031,
            691.21875,
            126.01923370361328
        ],
        [
            110.30000305175781,
            175.12765502929688,
            684.1607055664062,
            221.59600830078125
        ],
        [
            108.5,
            277.6276550292969,
            704.5187377929688,
            324.09600830078125
        ]
    ],
    "formula": [
        [
            371.92999267578125,
            140.0462188720703,
            420.0457763671875,
            171.0062255859375
        ],
        [
            383.3299865722656,
            235.11622619628906,
            408.3820495605469,
            273.63623046875
        ]
    ],
    "header": [
        [
            310.7300109863281,
            35.9976806640625,
            481.2508544921875,
            50.0660400390625
        ]
    ],
    "footer": [
        [
            310.6099853515625,
            562.07763671875,
            481.31085205078125,
            576.14599609375
        ]
    ],
    "footnote": [],
    "numbered_list": [],
    "marked_list": [],
    "table_signature": [
        [
            90.02400207519531,
            515.6376342773438,
            267.4546203613281,
            529.7059936523438
        ]
    ],
    "picture_signature": [],
    "picture": []
}