{
    "image_path": "./data/image/demo_1_19.png",
    "image_height": 612.0,
    "image_width": 792.0,
    "table": [],
    "title": [
        [
            90.02400207519531,
            433.5400085449219,
            428.7599182128906,
            446.5
        ]
    ],
    "paragraph": [
        [
            109.58000183105469,
            338.32928466796875,
            705.026611328125,
            411.459228515625
        ],
        [
            90.02400207519531,
            455.2098693847656,
            597.6111450195312,
            468.1527404785156
        ]
    ],
    "formula": [],
    "header": [
        [
            337.1300048828125,
            36.9576416015625,
            454.99493408203125,
            51.0260009765625
        ]
    ],
    "footer": [
        [
            304.7300109863281,
            561.9576416015625,
            487.262939453125,
            576.0260009765625
        ]
    ],
    "footnote": [
        [
            90.02400207519531,
            458.87103271484375,
            96.34465789794922,
            464.77972412109375
        ]
    ],
    "numbered_list": [
        [
            93.26399993896484,
            473.2098693847656,
            431.6540832519531,
            510.5793151855469
        ]
    ],
    "marked_list": [],
    "table_signature": [],
    "picture_signature": [
        [
            417.1700134277344,
            320.9660339355469,
            701.7531127929688,
            332.6427917480469
        ]
    ],
    "picture": [
        [
            369.6000061035156,
            72.00001525878906,
            702.0,
            319.20001220703125
        ]
    ]
}