{
    "image_path": "./data/image/demo_4_13.png",
    "image_height": 792.0,
    "image_width": 612.0,
    "table": [],
    "title": [],
    "paragraph": [
        [
            98.42400360107422,
            72.06547546386719,
            516.2832641601562,
            122.29927825927734
        ],
        [
            96.14399719238281,
            212.2792510986328,
            517.4252319335938,
            323.209228515625
        ]
    ],
    "formula": [],
    "header": [],
    "footer": [
        [
            196.00999450683594,
            741.9336547851562,
            416.0908508300781,
            756.0020141601562
        ]
    ],
    "footnote": [],
    "numbered_list": [],
    "marked_list": [
        [
            93.26399993896484,
            128.9454803466797,
            426.7712707519531,
            191.685791015625
        ]
    ],
    "table_signature": [],
    "picture_signature": [],
    "picture": []
}