{
    "image_path": "./data/image/demo_1_20.png",
    "image_height": 612.0,
    "image_width": 792.0,
    "table": [],
    "title": [
        [
            90.02400207519531,
            256.7300109863281,
            292.5399169921875,
            269.69000244140625
        ],
        [
            90.02400207519531,
            482.260009765625,
            264.745849609375,
            493.3000183105469
        ]
    ],
    "paragraph": [
        [
            91.94400024414062,
            72.03605651855469,
            703.9264526367188,
            124.15279388427734
        ],
        [
            94.58399963378906,
            166.46925354003906,
            705.0324096679688,
            239.56924438476562
        ],
        [
            90.02400207519531,
            278.39544677734375,
            704.7522583007812,
            328.6293029785156
        ],
        [
            90.02400207519531,
            384.0198669433594,
            459.22119140625,
            396.9627380371094
        ],
        [
            158.5399932861328,
            440.4498596191406,
            704.5311279296875,
            468.2727355957031
        ]
    ],
    "formula": [
        [
            346.489990234375,
            134.16624450683594,
            445.62298583984375,
            162.792724609375
        ],
        [
            383.3299865722656,
            341.3362121582031,
            408.3820495605469,
            379.9762268066406
        ],
        [
            371.92999267578125,
            405.20623779296875,
            420.0457763671875,
            436.1662292480469
        ]
    ],
    "header": [
        [
            337.1300048828125,
            36.9576416015625,
            454.99493408203125,
            51.0260009765625
        ]
    ],
    "footer": [
        [
            304.7300109863281,
            561.9576416015625,
            487.262939453125,
            576.0260009765625
        ]
    ],
    "footnote": [
        [
            90.02400207519531,
            387.6810302734375,
            99.10657501220703,
            393.5897216796875
        ]
    ],
    "numbered_list": [],
    "marked_list": [],
    "table_signature": [
        [
            90.02400207519531,
            503.63763427734375,
            345.7792663574219,
            517.7059936523438
        ]
    ],
    "picture_signature": [],
    "picture": []
}