{
    "image_path": "./data/image/demo_4_19.png",
    "image_height": 612.0,
    "image_width": 792.0,
    "table": [],
    "title": [],
    "paragraph": [
        [
            90.02400207519531,
            397.1660461425781,
            704.2830200195312,
            462.7527770996094
        ]
    ],
    "formula": [],
    "header": [],
    "footer": [
        [
            286.010009765625,
            561.9336547851562,
            506.0907287597656,
            576.0020141601562
        ]
    ],
    "footnote": [],
    "numbered_list": [],
    "marked_list": [
        [
            93.26399993896484,
            475.1206970214844,
            398.4494323730469,
            513.0993041992188
        ]
    ],
    "table_signature": [],
    "picture_signature": [
        [
            263.92999267578125,
            379.6460266113281,
            527.7014770507812,
            391.3227844238281
        ]
    ],
    "picture": [
        [
            190.32000732421875,
            72.0,
            601.6799926757812,
            377.8800048828125
        ]
    ]
}