{
    "image_path": "./data/image/demo_0_11.png",
    "image_height": 612.0,
    "image_width": 792.0,
    "table": [],
    "title": [],
    "paragraph": [],
    "formula": [],
    "header": [
        [
            310.7300109863281,
            35.9976806640625,
            481.2508544921875,
            50.0660400390625
        ]
    ],
    "footer": [
        [
            310.6099853515625,
            562.07763671875,
            481.31085205078125,
            576.14599609375
        ]
    ],
    "footnote": [],
    "numbered_list": [],
    "marked_list": [],
    "table_signature": [],
    "picture_signature": [
        [
            268.010009765625,
            293.7982482910156,
            523.9946899414062,
            304.3495178222656
        ]
    ],
    "picture": [
        [
            247.9199981689453,
            72.00001525878906,
            544.0800170898438,
            292.20001220703125
        ]
    ]
}