{
    "image_path": "./data/image/demo_2_18.png",
    "image_height": 612.0,
    "image_width": 792.0,
    "table": [
        [
            197.17999267578125,
            383.95599365234375,
            707.489990234375,
            531.9600219726562
        ]
    ],
    "title": [
        [
            90.02400207519531,
            137.29998779296875,
            312.2199401855469,
            150.25999450683594
        ],
        [
            90.02400207519531,
            246.41000366210938,
            238.07586669921875,
            257.45001220703125
        ],
        [
            90.02400207519531,
            321.9100036621094,
            286.179931640625,
            334.8699951171875
        ]
    ],
    "paragraph": [
        [
            94.8239974975586,
            72.06547546386719,
            704.5559692382812,
            122.29930877685547
        ],
        [
            99.98400115966797,
            156.71925354003906,
            694.889892578125,
            229.8492431640625
        ],
        [
            104.18000030517578,
            264.7198486328125,
            704.5311279296875,
            307.4427185058594
        ],
        [
            125.18000030517578,
            345.42767333984375,
            704.542724609375,
            375.6960144042969
        ]
    ],
    "formula": [],
    "header": [
        [
            313.1300048828125,
            37.91766357421875,
            478.9708557128906,
            51.98602294921875
        ]
    ],
    "footer": [
        [
            311.57000732421875,
            561.9576416015625,
            480.3270263671875,
            576.0260009765625
        ]
    ],
    "footnote": [],
    "numbered_list": [],
    "marked_list": [],
    "table_signature": [],
    "picture_signature": [],
    "picture": []
}