{
    "image_path": "./data/image/demo_4_10.png",
    "image_height": 612.0,
    "image_width": 792.0,
    "table": [],
    "title": [],
    "paragraph": [
        [
            90.02400207519531,
            72.03605651855469,
            703.6201782226562,
            122.8327407836914
        ]
    ],
    "formula": [],
    "header": [],
    "footer": [
        [
            286.010009765625,
            561.9336547851562,
            506.0907287597656,
            576.0020141601562
        ]
    ],
    "footnote": [
        [
            90.02400207519531,
            113.55101013183594,
            96.34465789794922,
            119.45972442626953
        ]
    ],
    "numbered_list": [],
    "marked_list": [],
    "table_signature": [],
    "picture_signature": [],
    "picture": []
}