{
    "image_path": "./data/image/demo_1_23.png",
    "image_height": 841.9199829101562,
    "image_width": 595.3200073242188,
    "table": [],
    "title": [
        [
            232.85000610351562,
            75.29995727539062,
            362.41607666015625,
            92.33995819091797
        ]
    ],
    "paragraph": [],
    "formula": [],
    "header": [
        [
            238.72999572753906,
            36.9576416015625,
            356.5948791503906,
            51.0260009765625
        ]
    ],
    "footer": [
        [
            206.4499969482422,
            791.8776245117188,
            388.9829406738281,
            805.9459838867188
        ]
    ],
    "footnote": [],
    "numbered_list": [
        [
            72.02400207519531,
            107.77764892578125,
            522.8185424804688,
            431.8092041015625
        ]
    ],
    "marked_list": [],
    "table_signature": [],
    "picture_signature": [],
    "picture": []
}