{
    "image_path": "./data/image/demo_2_16.png",
    "image_height": 612.0,
    "image_width": 792.0,
    "table": [
        [
            197.17999267578125,
            199.13000018780048,
            707.5,
            538.3200073242188
        ]
    ],
    "title": [
        [
            90.02400207519531,
            101.77999877929688,
            490.0799255371094,
            114.73999786376953
        ]
    ],
    "paragraph": [
        [
            90.02400207519531,
            123.25765991210938,
            704.3986206054688,
            185.83602905273438
        ]
    ],
    "formula": [
        [
            320.69000244140625,
            72.24623107910156,
            471.4520263671875,
            85.03275299072266
        ]
    ],
    "header": [
        [
            313.1300048828125,
            37.91766357421875,
            478.9708557128906,
            51.98602294921875
        ]
    ],
    "footer": [
        [
            311.57000732421875,
            561.9576416015625,
            480.3270263671875,
            576.0260009765625
        ]
    ],
    "footnote": [],
    "numbered_list": [],
    "marked_list": [],
    "table_signature": [],
    "picture_signature": [],
    "picture": []
}