{
    "image_path": "./data/image/demo_3_1.png",
    "image_height": 792.0,
    "image_width": 612.0,
    "table": [
        [
            84.6240005493164,
            71.99597846137152,
            594.9600219726562,
            450.07000732421875
        ],
        [
            84.6240005493164,
            588.4599677191841,
            594.9600219726562,
            713.3759765625
        ]
    ],
    "title": [],
    "paragraph": [
        [
            105.86000061035156,
            472.1954650878906,
            508.64666748046875,
            557.46923828125
        ]
    ],
    "formula": [],
    "header": [],
    "footer": [
        [
            227.80999755859375,
            741.9336547851562,
            384.1828918457031,
            756.0020141601562
        ]
    ],
    "footnote": [],
    "numbered_list": [],
    "marked_list": [],
    "table_signature": [
        [
            90.02400207519531,
            451.02764892578125,
            344.9911804199219,
            465.09600830078125
        ],
        [
            90.02400207519531,
            569.8460693359375,
            268.6189270019531,
            581.5227661132812
        ]
    ],
    "picture_signature": [],
    "picture": []
}