{
    "image_path": "./data/image/demo_4_15.png",
    "image_height": 792.0,
    "image_width": 612.0,
    "table": [],
    "title": [
        [
            90.02400207519531,
            375.5299987792969,
            486.74993896484375,
            388.489990234375
        ]
    ],
    "paragraph": [
        [
            97.2239990234375,
            116.94548034667969,
            517.2734375,
            202.21932983398438
        ],
        [
            90.02400207519531,
            298.41546630859375,
            523.8110961914062,
            348.6492919921875
        ],
        [
            103.94000244140625,
            397.1998596191406,
            524.5311279296875,
            469.4427185058594
        ]
    ],
    "formula": [
        [
            215.3300018310547,
            210.72621154785156,
            396.8120422363281,
            223.51272583007812
        ]
    ],
    "header": [],
    "footer": [
        [
            196.00999450683594,
            741.9336547851562,
            416.0908508300781,
            756.0020141601562
        ]
    ],
    "footnote": [],
    "numbered_list": [
        [
            93.26399993896484,
            69.28544616699219,
            403.1981201171875,
            96.2860107421875
        ],
        [
            93.26399993896484,
            227.77764892578125,
            451.2525634765625,
            278.0893249511719
        ]
    ],
    "marked_list": [],
    "table_signature": [],
    "picture_signature": [],
    "picture": []
}