{
    "image_height": 792.0,
    "image_width": 612.0,
    "table": [
        [
            17.225454330444336,
            187.4749984741211,
            527.4030949519231,
            437.7766757541233
        ]
    ],
    "title": [
        [
            112.69999694824219,
            140.239990234375,
            503.3373107910156,
            183.55999755859375
        ]
    ],
    "paragraph": [
        [
            117.86000061035156,
            72.06547546386719,
            524.6912231445312,
            122.17928314208984
        ]
    ],
    "formula": [],
    "header": [
        [
            199.61000061035156,
            35.9976806640625,
            412.50286865234375,
            50.0660400390625
        ]
    ],
    "footer": [
        [
            249.1699981689453,
            742.07763671875,
            362.83489990234375,
            756.14599609375
        ]
    ],
    "footnote": [],
    "numbered_list": [],
    "marked_list": [],
    "table_signature": [
        [
            90.02400207519531,
            438.2060546875,
            364.5326232910156,
            449.8828125
        ]
    ],
    "picture_signature": [],
    "picture": [],
    "multicolumn_2": [],
    "multicolumn_3": []
}