{
    "image_path": "./data/image/demo_3_4.png",
    "image_height": 792.0,
    "image_width": 612.0,
    "table": [
        [
            17.15999984741211,
            71.99600655691964,
            527.489990234375,
            161.24858747209822
        ]
    ],
    "title": [],
    "paragraph": [
        [
            70.2239990234375,
            199.59605407714844,
            297.872314453125,
            377.8092956542969
        ],
        [
            311.45001220703125,
            199.62547302246094,
            541.946533203125,
            633.459228515625
        ],
        [
            70.2239990234375,
            703.48583984375,
            208.2537384033203,
            716.4287719726562
        ],
        [
            231.0500030517578,
            703.48583984375,
            375.0692138671875,
            716.4287719726562
        ],
        [
            391.8699951171875,
            703.48583984375,
            542.85546875,
            716.4287719726562
        ]
    ],
    "formula": [],
    "header": [],
    "footer": [
        [
            227.80999755859375,
            741.9336547851562,
            384.1828918457031,
            756.0020141601562
        ]
    ],
    "footnote": [
        [
            70.2239990234375,
            707.14697265625,
            76.5446548461914,
            713.0557250976562
        ]
    ],
    "numbered_list": [],
    "marked_list": [],
    "table_signature": [],
    "picture_signature": [],
    "picture": []
}