{
    "image_path": "./data/image/demo_0_9.png",
    "image_height": 612.0,
    "image_width": 792.0,
    "table": [],
    "title": [
        [
            90.02400207519531,
            131.05999755859375,
            490.5599365234375,
            144.02000427246094
        ],
        [
            90.02400207519531,
            240.41000366210938,
            359.6658630371094,
            251.4499969482422
        ]
    ],
    "paragraph": [
        [
            90.02400207519531,
            71.96986389160156,
            704.2826538085938,
            114.55274200439453
        ],
        [
            110.30000305175781,
            150.59925842285156,
            705.0287475585938,
            223.60922241210938
        ],
        [
            101.30000305175781,
            259.77545166015625,
            693.1472778320312,
            309.9093017578125
        ]
    ],
    "formula": [],
    "header": [
        [
            310.7300109863281,
            35.9976806640625,
            481.2508544921875,
            50.0660400390625
        ]
    ],
    "footer": [
        [
            310.6099853515625,
            562.07763671875,
            481.31085205078125,
            576.14599609375
        ]
    ],
    "footnote": [],
    "numbered_list": [],
    "marked_list": [],
    "table_signature": [],
    "picture_signature": [],
    "picture": []
}