{
    "image_path": "./data/image/demo_0_14.png",
    "image_height": 792.0,
    "image_width": 612.0,
    "table": [
        [
            84.7163091806265,
            181.94000854492188,
            594.9092149000901,
            348.43400115966796
        ],
        [
            84.7163091806265,
            548.2449798583984,
            594.9092149000901,
            710.2759806315104
        ]
    ],
    "title": [
        [
            90.02400207519531,
            82.57998657226562,
            508.9499206542969,
            95.53998565673828
        ]
    ],
    "paragraph": [
        [
            98.18399810791016,
            106.23606872558594,
            523.880859375,
            131.47280883789062
        ],
        [
            102.86000061035156,
            440.24603271484375,
            513.3465576171875,
            505.92279052734375
        ]
    ],
    "formula": [
        [
            225.77000427246094,
            144.84620666503906,
            386.3429870605469,
            157.63272094726562
        ],
        [
            259.6099853515625,
            517.32275390625,
            352.62298583984375,
            544.2027587890625
        ]
    ],
    "header": [
        [
            220.72999572753906,
            35.9976806640625,
            391.2508239746094,
            50.0660400390625
        ]
    ],
    "footer": [
        [
            220.61000061035156,
            742.07763671875,
            391.31085205078125,
            756.14599609375
        ]
    ],
    "footnote": [],
    "numbered_list": [],
    "marked_list": [
        [
            93.26399993896484,
            347.8706970214844,
            462.4845886230469,
            422.1092224121094
        ]
    ],
    "table_signature": [
        [
            90.02400207519531,
            163.4576416015625,
            386.3687438964844,
            177.5260009765625
        ]
    ],
    "picture_signature": [],
    "picture": []
}