{
    "image_path": "./data/image/demo_0_24.png",
    "image_height": 841.9199829101562,
    "image_width": 595.3200073242188,
    "table": [],
    "title": [
        [
            240.52999877929688,
            74.90997314453125,
            354.6895446777344,
            89.90997314453125
        ]
    ],
    "paragraph": [],
    "formula": [],
    "header": [
        [
            212.4499969482422,
            35.99761962890625,
            382.9708557128906,
            50.06597900390625
        ]
    ],
    "footer": [
        [
            212.3300018310547,
            791.9976196289062,
            383.0308532714844,
            806.0659790039062
        ]
    ],
    "footnote": [],
    "numbered_list": [
        [
            72.02400207519531,
            104.96980285644531,
            521.4146118164062,
            272.3291931152344
        ]
    ],
    "marked_list": [],
    "table_signature": [],
    "picture_signature": [],
    "picture": []
}