{
    "image_path": "./data/image/demo_0_20.png",
    "image_height": 612.0,
    "image_width": 792.0,
    "table": [
        [
            140.89999389648438,
            72.02000075120192,
            651.2139892578125,
            252.52999877929688
        ]
    ],
    "title": [],
    "paragraph": [],
    "formula": [],
    "header": [
        [
            310.7300109863281,
            35.9976806640625,
            481.2508544921875,
            50.0660400390625
        ]
    ],
    "footer": [
        [
            310.6099853515625,
            562.07763671875,
            481.31085205078125,
            576.14599609375
        ]
    ],
    "footnote": [],
    "numbered_list": [],
    "marked_list": [],
    "table_signature": [
        [
            90.02400207519531,
            252.52764892578125,
            380.3852233886719,
            266.59600830078125
        ]
    ],
    "picture_signature": [],
    "picture": []
}