{
    "image_path": "./data/image/demo_1_6.png",
    "image_height": 612.0,
    "image_width": 792.0,
    "table": [],
    "title": [
        [
            90.02400207519531,
            287.3500061035156,
            296.73992919921875,
            300.30999755859375
        ]
    ],
    "paragraph": [
        [
            99.26399993896484,
            127.83604431152344,
            694.4559326171875,
            166.51278686523438
        ]
    ],
    "formula": [
        [
            349.6099853515625,
            177.51622009277344,
            442.62298583984375,
            206.14273071289062
        ]
    ],
    "header": [
        [
            337.1300048828125,
            36.9576416015625,
            454.99493408203125,
            51.0260009765625
        ]
    ],
    "footer": [
        [
            304.7300109863281,
            561.9576416015625,
            487.262939453125,
            576.0260009765625
        ]
    ],
    "footnote": [],
    "numbered_list": [
        [
            93.26399993896484,
            70.2176513671875,
            410.5665588378906,
            108.0727310180664
        ],
        [
            93.26399993896484,
            208.12765502929688,
            325.3169250488281,
            257.98272705078125
        ]
    ],
    "marked_list": [],
    "table_signature": [],
    "picture_signature": [],
    "picture": []
}