{
    "image_path": "./data/image/demo_3_12.png",
    "image_height": 612.0,
    "image_width": 792.0,
    "table": [],
    "title": [
        [
            90.02400207519531,
            162.76998901367188,
            456.5999450683594,
            175.72999572753906
        ]
    ],
    "paragraph": [
        [
            96.02400207519531,
            71.96986389160156,
            704.5311279296875,
            144.19271850585938
        ],
        [
            125.30000305175781,
            183.28765869140625,
            704.694580078125,
            229.75601196289062
        ]
    ],
    "formula": [],
    "header": [],
    "footer": [
        [
            317.80999755859375,
            561.9576416015625,
            474.1828918457031,
            576.0260009765625
        ]
    ],
    "footnote": [],
    "numbered_list": [],
    "marked_list": [],
    "table_signature": [],
    "picture_signature": [
        [
            90.02400207519531,
            516.0160522460938,
            391.5039978027344,
            527.6927490234375
        ]
    ],
    "picture": [
        [
            90.0,
            242.8800048828125,
            454.67999267578125,
            514.0800170898438
        ]
    ]
}