{
    "image_path": "./data/image/demo_3_14.png",
    "image_height": 612.0,
    "image_width": 792.0,
    "table": [],
    "title": [
        [
            90.02400207519531,
            74.66000366210938,
            237.42991638183594,
            87.62000274658203
        ],
        [
            90.02400207519531,
            394.5400085449219,
            280.179931640625,
            407.5
        ]
    ],
    "paragraph": [
        [
            165.25999450683594,
            97.16984558105469,
            704.5311279296875,
            124.99274444580078
        ]
    ],
    "formula": [],
    "header": [],
    "footer": [
        [
            317.80999755859375,
            561.9576416015625,
            474.1828918457031,
            576.0260009765625
        ]
    ],
    "footnote": [],
    "numbered_list": [],
    "marked_list": [],
    "table_signature": [],
    "picture_signature": [
        [
            90.02400207519531,
            369.63824462890625,
            329.0466613769531,
            380.18951416015625
        ]
    ],
    "picture": [
        [
            90.0,
            138.95997619628906,
            398.1600036621094,
            368.03997802734375
        ]
    ]
}