{
    "image_path": "./data/image/demo_2_7.png",
    "image_height": 792.0,
    "image_width": 612.0,
    "table": [
        [
            84.71127423373136,
            72.34085954938617,
            594.9400079900569,
            278.58895392166943
        ]
    ],
    "title": [],
    "paragraph": [
        [
            90.02400207519531,
            281.4476623535156,
            524.5604858398438,
            343.9960021972656
        ],
        [
            70.2239990234375,
            392.6692810058594,
            223.1085662841797,
            711.2152709960938
        ],
        [
            391.8699951171875,
            392.6692810058594,
            539.5598754882812,
            711.2152709960938
        ],
        [
            231.0500030517578,
            392.8798522949219,
            369.1849365234375,
            516.602783203125
        ]
    ],
    "formula": [],
    "header": [
        [
            223.1300048828125,
            37.91766357421875,
            388.9708557128906,
            51.98602294921875
        ]
    ],
    "footer": [
        [
            221.57000732421875,
            741.9336547851562,
            390.3270263671875,
            756.0020141601562
        ]
    ],
    "footnote": [],
    "numbered_list": [],
    "marked_list": [],
    "table_signature": [],
    "picture_signature": [],
    "picture": []
}