{
    "image_path": "./data/image/demo_1_4.png",
    "image_height": 612.0,
    "image_width": 792.0,
    "table": [],
    "title": [
        [
            90.02400207519531,
            74.66000366210938,
            390.6999206542969,
            87.62000274658203
        ]
    ],
    "paragraph": [
        [
            105.13999938964844,
            97.23606872558594,
            704.0070190429688,
            135.91281127929688
        ]
    ],
    "formula": [
        [
            383.3299865722656,
            149.0462188720703,
            408.3820495605469,
            187.68621826171875
        ]
    ],
    "header": [
        [
            337.1300048828125,
            36.9576416015625,
            454.99493408203125,
            51.0260009765625
        ]
    ],
    "footer": [
        [
            304.7300109863281,
            561.9336547851562,
            487.262939453125,
            576.0020141601562
        ]
    ],
    "footnote": [],
    "numbered_list": [],
    "marked_list": [],
    "table_signature": [],
    "picture_signature": [],
    "picture": []
}