{
    "image_path": "./data/image/demo_1_7.png",
    "image_height": 612.0,
    "image_width": 792.0,
    "table": [
        [
            84.69257300240653,
            457.29999084472655,
            594.9357343401227,
            523.5120025634766
        ]
    ],
    "title": [],
    "paragraph": [
        [
            144.5,
            363.30767822265625,
            704.48291015625,
            393.5760192871094
        ],
        [
            108.73999786376953,
            423.9560241699219,
            703.7327270507812,
            449.0727844238281
        ]
    ],
    "formula": [
        [
            364.9700012207031,
            72.31275939941406,
            427.1429748535156,
            99.1927261352539
        ],
        [
            305.3299865722656,
            405.0862121582031,
            486.8120422363281,
            417.8727111816406
        ]
    ],
    "header": [
        [
            337.1300048828125,
            36.9576416015625,
            454.99493408203125,
            51.0260009765625
        ]
    ],
    "footer": [
        [
            304.7300109863281,
            561.9576416015625,
            487.262939453125,
            576.0260009765625
        ]
    ],
    "footnote": [],
    "numbered_list": [],
    "marked_list": [],
    "table_signature": [],
    "picture_signature": [
        [
            488.1099853515625,
            102.99604797363281,
            701.8222045898438,
            114.67278289794922
        ]
    ],
    "picture": [
        [
            377.760009765625,
            116.39997863769531,
            702.0,
            357.47998046875
        ]
    ]
}