{
    "image_path": "./data/image/demo_1_18.png",
    "image_height": 612.0,
    "image_width": 792.0,
    "table": [],
    "title": [
        [
            90.02400207519531,
            158.54000854492188,
            465.4058532714844,
            169.5800018310547
        ]
    ],
    "paragraph": [
        [
            90.02400207519531,
            71.87922668457031,
            704.9380493164062,
            144.97921752929688
        ],
        [
            90.02400207519531,
            178.0260467529297,
            703.143798828125,
            216.70278930664062
        ],
        [
            90.02400207519531,
            261.0660400390625,
            703.78955078125,
            286.2027893066406
        ]
    ],
    "formula": [
        [
            364.9700012207031,
            228.63624572753906,
            427.1429748535156,
            257.2627258300781
        ]
    ],
    "header": [
        [
            337.1300048828125,
            36.9576416015625,
            454.99493408203125,
            51.0260009765625
        ]
    ],
    "footer": [
        [
            304.7300109863281,
            561.9576416015625,
            487.262939453125,
            576.0260009765625
        ]
    ],
    "footnote": [],
    "numbered_list": [],
    "marked_list": [
        [
            93.26399993896484,
            292.249267578125,
            396.9703369140625,
            332.0157775878906
        ]
    ],
    "table_signature": [],
    "picture_signature": [],
    "picture": []
}