{
    "image_path": "./data/image/demo_2_3.png",
    "image_height": 792.0,
    "image_width": 612.0,
    "table": [
        [
            84.7163091806265,
            382.73924137995795,
            594.8676570012019,
            584.1284414438101
        ]
    ],
    "title": [],
    "paragraph": [],
    "formula": [],
    "header": [
        [
            223.1300048828125,
            37.91766357421875,
            388.9708557128906,
            51.98602294921875
        ]
    ],
    "footer": [
        [
            221.57000732421875,
            741.9336547851562,
            390.3270263671875,
            756.0020141601562
        ]
    ],
    "footnote": [],
    "numbered_list": [],
    "marked_list": [],
    "table_signature": [
        [
            90.02400207519531,
            587.2098388671875,
            295.4407958984375,
            600.1527709960938
        ]
    ],
    "picture_signature": [
        [
            164.05999755859375,
            362.946044921875,
            447.7467346191406,
            374.622802734375
        ]
    ],
    "picture": [
        [
            111.5999984741211,
            72.0,
            500.3999938964844,
            361.0799865722656
        ]
    ]
}