{
    "image_path": "./data/image/demo_1_12.png",
    "image_height": 792.0,
    "image_width": 612.0,
    "table": [],
    "title": [],
    "paragraph": [
        [
            91.7040023803711,
            71.877685546875,
            522.7105712890625,
            150.64599609375
        ],
        [
            90.02400207519531,
            483.35546875,
            522.3335571289062,
            621.3392944335938
        ]
    ],
    "formula": [
        [
            228.88999938964844,
            631.1661987304688,
            383.3429870605469,
            643.9527587890625
        ]
    ],
    "header": [
        [
            247.1300048828125,
            36.9576416015625,
            364.99493408203125,
            51.0260009765625
        ]
    ],
    "footer": [
        [
            214.72999572753906,
            741.9336547851562,
            397.262939453125,
            756.0020141601562
        ]
    ],
    "footnote": [],
    "numbered_list": [],
    "marked_list": [],
    "table_signature": [],
    "picture_signature": [
        [
            222.88999938964844,
            465.9260559082031,
            388.854248046875,
            477.6028137207031
        ]
    ],
    "picture": [
        [
            104.87999725341797,
            164.8800048828125,
            507.1199951171875,
            464.0400085449219
        ]
    ]
}