{
    "image_path": "./data/image/demo_1_8.png",
    "image_height": 612.0,
    "image_width": 792.0,
    "table": [
        [
            84.71127423373136,
            72.3800048828125,
            594.9136546741832,
            170.0405101776123
        ]
    ],
    "title": [],
    "paragraph": [
        [
            90.02400207519531,
            187.07984924316406,
            549.3411254882812,
            200.02273559570312
        ]
    ],
    "formula": [],
    "header": [
        [
            337.1300048828125,
            36.9576416015625,
            454.99493408203125,
            51.0260009765625
        ]
    ],
    "footer": [
        [
            304.7300109863281,
            561.9576416015625,
            487.262939453125,
            576.0260009765625
        ]
    ],
    "footnote": [
        [
            90.02400207519531,
            190.7410125732422,
            96.34465789794922,
            196.64971923828125
        ]
    ],
    "numbered_list": [],
    "marked_list": [],
    "table_signature": [
        [
            90.02400207519531,
            171.5460662841797,
            386.4542541503906,
            183.22280883789062
        ]
    ],
    "picture_signature": [],
    "picture": []
}