{
    "image_height": 792.0,
    "image_width": 612.0,
    "table": [
        [
            50.95199909210205,
            310.49000091552733,
            561.1281793767756,
            390.8420104980469
        ]
    ],
    "title": [
        [
            251.2100067138672,
            74.04000854492188,
            352.40350341796875,
            100.58000946044922
        ],
        [
            308.80999755859375,
            215.89999389648438,
            521.9552001953125,
            238.9399871826172
        ],
        [
            94.34400177001953,
            447.2799987792969,
            526.992919921875,
            500.0799865722656
        ],
        [
            90.02400207519531,
            590.8300170898438,
            444.7578430175781,
            611.8300170898438
        ]
    ],
    "paragraph": [
        [
            122.05999755859375,
            71.94984436035156,
            225.68116760253906,
            84.89273834228516
        ],
        [
            90.02400207519531,
            243.71986389160156,
            426.5811767578125,
            256.6627502441406
        ],
        [
            90.02400207519531,
            504.5954895019531,
            492.4996032714844,
            572.3492431640625
        ],
        [
            90.02400207519531,
            616.1298217773438,
            410.8611755371094,
            629.07275390625
        ],
        [
            131.77999877929688,
            690.112060546875,
            517.3734741210938,
            715.3487548828125
        ]
    ],
    "formula": [
        [
            125.54000091552734,
            97.08625793457031,
            187.69297790527344,
            125.7127456665039
        ],
        [
            293.3299865722656,
            160.6862335205078,
            318.3820495605469,
            199.32620239257812
        ],
        [
            281.92999267578125,
            268.95623779296875,
            330.0457763671875,
            299.9162292480469
        ],
        [
            241.1300048828125,
            416.0962219238281,
            370.98297119140625,
            428.8827209472656
        ],
        [
            293.3299865722656,
            641.3662109375,
            318.3820495605469,
            680.0062255859375
        ]
    ],
    "header": [
        [
            199.61000061035156,
            35.9976806640625,
            412.50286865234375,
            50.0660400390625
        ]
    ],
    "footer": [
        [
            249.1699981689453,
            742.07763671875,
            362.83489990234375,
            756.14599609375
        ]
    ],
    "footnote": [
        [
            90.02400207519531,
            247.38099670410156,
            96.34465789794922,
            253.28970336914062
        ],
        [
            90.02400207519531,
            619.791015625,
            99.10657501220703,
            625.6997680664062
        ]
    ],
    "numbered_list": [],
    "marked_list": [],
    "table_signature": [
        [
            90.02400207519531,
            391.7276611328125,
            312.8731689453125,
            405.7960205078125
        ]
    ],
    "picture_signature": [],
    "picture": [],
    "multicolumn_2": [],
    "multicolumn_3": []
}