{
    "image_path": "./data/image/demo_4_22.png",
    "image_height": 792.0,
    "image_width": 612.0,
    "table": [],
    "title": [],
    "paragraph": [
        [
            90.86399841308594,
            116.84986877441406,
            523.3695068359375,
            218.71273803710938
        ],
        [
            119.05999755859375,
            298.50604248046875,
            524.1245727539062,
            364.18280029296875
        ],
        [
            95.78399658203125,
            681.0752563476562,
            519.3458251953125,
            716.375244140625
        ]
    ],
    "formula": [],
    "header": [],
    "footer": [
        [
            196.00999450683594,
            741.9336547851562,
            416.0908508300781,
            756.0020141601562
        ]
    ],
    "footnote": [],
    "numbered_list": [
        [
            93.26399993896484,
            70.1976318359375,
            306.6569519042969,
            96.0727310180664
        ],
        [
            93.26399993896484,
            228.80982971191406,
            390.22119140625,
            278.4492492675781
        ]
    ],
    "marked_list": [],
    "table_signature": [],
    "picture_signature": [
        [
            90.02400207519531,
            663.716064453125,
            350.0105895996094,
            675.3927612304688
        ]
    ],
    "picture": [
        [
            90.0,
            371.8800048828125,
            480.0,
            661.8800048828125
        ]
    ]
}