{
    "image_height": 792.0,
    "image_width": 612.0,
    "table": [],
    "title": [],
    "paragraph": [
        [
            90.02400207519531,
            71.87922668457031,
            482.52947998046875,
            107.17923736572266
        ],
        [
            109.45999908447266,
            459.1154479980469,
            524.6883544921875,
            509.34930419921875
        ],
        [
            90.02400207519531,
            567.7155151367188,
            497.2559509277344,
            617.979248046875
        ]
    ],
    "formula": [
        [
            293.3500061035156,
            518.9362182617188,
            318.40203857421875,
            557.5762329101562
        ]
    ],
    "header": [
        [
            199.61000061035156,
            35.9976806640625,
            412.50286865234375,
            50.0660400390625
        ]
    ],
    "footer": [
        [
            249.1699981689453,
            742.0536499023438,
            362.83489990234375,
            756.1220092773438
        ]
    ],
    "footnote": [],
    "numbered_list": [],
    "marked_list": [],
    "table_signature": [],
    "picture_signature": [
        [
            174.1699981689453,
            435.5660400390625,
            437.49835205078125,
            447.2427978515625
        ]
    ],
    "picture": [
        [
            94.91999816894531,
            119.75997924804688,
            517.0800170898438,
            433.6800231933594
        ]
    ],
    "multicolumn_2": [],
    "multicolumn_3": []
}