{
    "image_height": 792.0,
    "image_width": 612.0,
    "table": [],
    "title": [
        [
            237.41000366210938,
            75.67999267578125,
            374.509521484375,
            93.67999267578125
        ]
    ],
    "paragraph": [
        [
            90.02400207519531,
            97.38548278808594,
            518.14697265625,
            699.0287475585938
        ]
    ],
    "formula": [],
    "header": [
        [
            199.61000061035156,
            35.9976806640625,
            412.50286865234375,
            50.0660400390625
        ]
    ],
    "footer": [
        [
            249.1699981689453,
            742.07763671875,
            362.83489990234375,
            756.14599609375
        ]
    ],
    "footnote": [],
    "numbered_list": [],
    "marked_list": [],
    "table_signature": [],
    "picture_signature": [],
    "picture": [],
    "multicolumn_2": [],
    "multicolumn_3": []
}