{
    "image_height": 792.0,
    "image_width": 612.0,
    "table": [
        [
            17.15999984741211,
            72.35798863002232,
            527.4514247349331,
            202.60001627604166
        ]
    ],
    "title": [],
    "paragraph": [],
    "formula": [],
    "header": [
        [
            199.61000061035156,
            35.9976806640625,
            412.50286865234375,
            50.0660400390625
        ]
    ],
    "footer": [
        [
            249.1699981689453,
            742.0536499023438,
            362.83489990234375,
            756.1220092773438
        ]
    ],
    "footnote": [],
    "numbered_list": [],
    "marked_list": [],
    "table_signature": [],
    "picture_signature": [],
    "picture": [],
    "multicolumn_2": [],
    "multicolumn_3": []
}