{
    "image_path": "./data/image/demo_2_15.png",
    "image_height": 612.0,
    "image_width": 792.0,
    "table": [],
    "title": [],
    "paragraph": [
        [
            90.02400207519531,
            109.59605407714844,
            682.5111694335938,
            134.71279907226562
        ],
        [
            127.81999969482422,
            481.6392822265625,
            705.0878295898438,
            535.9192504882812
        ]
    ],
    "formula": [
        [
            371.92999267578125,
            72.36622619628906,
            420.0457763671875,
            103.32624053955078
        ]
    ],
    "header": [
        [
            313.1300048828125,
            37.91766357421875,
            478.9708557128906,
            51.98602294921875
        ]
    ],
    "footer": [
        [
            311.57000732421875,
            561.9576416015625,
            480.3270263671875,
            576.0260009765625
        ]
    ],
    "footnote": [],
    "numbered_list": [],
    "marked_list": [],
    "table_signature": [],
    "picture_signature": [
        [
            257.2099914550781,
            462.3560485839844,
            534.4498901367188,
            474.0328063964844
        ]
    ],
    "picture": [
        [
            182.16000366210938,
            142.55999755859375,
            609.8399658203125,
            460.4400329589844
        ]
    ]
}