{
    "image_path": "./data/image/demo_0_10.png",
    "image_height": 612.0,
    "image_width": 792.0,
    "table": [],
    "title": [],
    "paragraph": [
        [
            90.02400207519531,
            408.6498718261719,
            609.1311645507812,
            421.5927429199219
        ],
        [
            90.02400207519531,
            473.5160217285156,
            703.749267578125,
            498.6327819824219
        ]
    ],
    "formula": [
        [
            383.3299865722656,
            430.7662353515625,
            408.3820495605469,
            469.2862243652344
        ],
        [
            334.25,
            511.78619384765625,
            457.98297119140625,
            524.57275390625
        ]
    ],
    "header": [
        [
            310.7300109863281,
            35.9976806640625,
            481.2508544921875,
            50.0660400390625
        ]
    ],
    "footer": [
        [
            310.6099853515625,
            562.07763671875,
            481.31085205078125,
            576.14599609375
        ]
    ],
    "footnote": [
        [
            90.02400207519531,
            412.31103515625,
            96.34465789794922,
            418.2197265625
        ]
    ],
    "numbered_list": [],
    "marked_list": [],
    "table_signature": [],
    "picture_signature": [
        [
            311.0899963378906,
            391.196044921875,
            480.69482421875,
            402.872802734375
        ]
    ],
    "picture": [
        [
            182.63999938964844,
            72.0,
            609.3599853515625,
            389.2799987792969
        ]
    ]
}