{
    "image_path": "./data/image/demo_4_12.png",
    "image_height": 612.0,
    "image_width": 792.0,
    "table": [],
    "title": [],
    "paragraph": [
        [
            90.02400207519531,
            71.89764404296875,
            691.7186889648438,
            134.44601440429688
        ],
        [
            91.2239990234375,
            211.6554718017578,
            704.7282104492188,
            296.9493103027344
        ],
        [
            105.26000213623047,
            349.249267578125,
            705.1441040039062,
            478.89923095703125
        ]
    ],
    "formula": [
        [
            383.3299865722656,
            306.5362243652344,
            408.3820495605469,
            345.1762390136719
        ],
        [
            374.2099914550781,
            493.7662048339844,
            417.64581298828125,
            524.7462768554688
        ]
    ],
    "header": [],
    "footer": [
        [
            286.010009765625,
            561.9576416015625,
            506.0907287597656,
            576.0260009765625
        ]
    ],
    "footnote": [],
    "numbered_list": [],
    "marked_list": [
        [
            93.26399993896484,
            141.20068359375,
            464.47967529296875,
            191.44921875
        ]
    ],
    "table_signature": [],
    "picture_signature": [],
    "picture": []
}