{
    "image_height": 792.0,
    "image_width": 612.0,
    "table": [],
    "title": [],
    "paragraph": [
        [
            90.02400207519531,
            71.877685546875,
            524.4765014648438,
            134.5660400390625
        ]
    ],
    "formula": [
        [
            228.88999938964844,
            202.4462432861328,
            383.3429870605469,
            215.23275756835938
        ]
    ],
    "header": [
        [
            199.61000061035156,
            35.9976806640625,
            412.50286865234375,
            50.0660400390625
        ]
    ],
    "footer": [
        [
            249.1699981689453,
            742.0536499023438,
            362.83489990234375,
            756.1220092773438
        ]
    ],
    "footnote": [],
    "numbered_list": [
        [
            93.26399993896484,
            227.1298370361328,
            435.2368469238281,
            307.0627136230469
        ]
    ],
    "marked_list": [
        [
            93.26399993896484,
            146.65765380859375,
            516.8313598632812,
            193.99270629882812
        ]
    ],
    "table_signature": [],
    "picture_signature": [],
    "picture": [],
    "multicolumn_2": [],
    "multicolumn_3": []
}