{
    "image_path": "./data/image/demo_4_9.png",
    "image_height": 792.0,
    "image_width": 612.0,
    "table": [],
    "title": [
        [
            90.02400207519531,
            225.01998901367188,
            402.9158630371094,
            236.0599822998047
        ]
    ],
    "paragraph": [
        [
            114.86000061035156,
            72.06547546386719,
            513.1272583007812,
            139.81930541992188
        ]
    ],
    "formula": [],
    "header": [],
    "footer": [
        [
            196.00999450683594,
            741.9336547851562,
            416.0908508300781,
            756.0020141601562
        ]
    ],
    "footnote": [],
    "numbered_list": [
        [
            93.26399993896484,
            146.4654998779297,
            382.2925720214844,
            197.65933227539062
        ]
    ],
    "marked_list": [],
    "table_signature": [],
    "picture_signature": [],
    "picture": []
}