{
    "image_path": "./data/image/demo_0_13.png",
    "image_height": 792.0,
    "image_width": 612.0,
    "table": [
        [
            84.6240005493164,
            298.8500014085036,
            595.083984375,
            476.5899963378906
        ]
    ],
    "title": [],
    "paragraph": [
        [
            108.0199966430664,
            71.87922668457031,
            525.0693359375,
            163.81924438476562
        ],
        [
            94.34400177001953,
            194.2792510986328,
            525.184326171875,
            286.3692321777344
        ]
    ],
    "formula": [
        [
            212.4499969482422,
            175.5662384033203,
            399.8120422363281,
            188.35275268554688
        ]
    ],
    "header": [
        [
            220.72999572753906,
            35.9976806640625,
            391.2508239746094,
            50.0660400390625
        ]
    ],
    "footer": [
        [
            220.61000061035156,
            742.0536499023438,
            391.31085205078125,
            756.1220092773438
        ]
    ],
    "footnote": [],
    "numbered_list": [],
    "marked_list": [],
    "table_signature": [
        [
            90.02400207519531,
            476.53985595703125,
            341.2401123046875,
            489.48272705078125
        ]
    ],
    "picture_signature": [],
    "picture": []
}