{
    "image_path": "./data/image/demo_3_6.png",
    "image_height": 792.0,
    "image_width": 612.0,
    "table": [],
    "title": [],
    "paragraph": [
        [
            98.66400146484375,
            106.76985168457031,
            515.5809326171875,
            149.35275268554688
        ],
        [
            90.02400207519531,
            254.1598663330078,
            524.3069458007812,
            311.62274169921875
        ],
        [
            476.1610107421875,
            254.1598663330078,
            524.308837890625,
            267.1027526855469
        ],
        [
            96.86399841308594,
            384.4260559082031,
            523.9228515625,
            423.0028076171875
        ]
    ],
    "formula": [],
    "header": [],
    "footer": [
        [
            227.80999755859375,
            741.9336547851562,
            384.1828918457031,
            756.0020141601562
        ]
    ],
    "footnote": [],
    "numbered_list": [
        [
            93.26399993896484,
            69.28544616699219,
            437.7254333496094,
            84.4792709350586
        ],
        [
            93.26399993896484,
            157.57763671875,
            414.8280944824219,
            231.64599609375
        ]
    ],
    "marked_list": [
        [
            93.26399993896484,
            322.77545166015625,
            473.8300476074219,
            362.209228515625
        ],
        [
            93.26399993896484,
            432.3706970214844,
            418.64874267578125,
            482.1360168457031
        ]
    ],
    "table_signature": [],
    "picture_signature": [],
    "picture": []
}