{
    "image_path": "./data/image/demo_4_2.png",
    "image_height": 792.0,
    "image_width": 612.0,
    "table": [],
    "title": [
        [
            90.02400207519531,
            640.780029296875,
            509.5499267578125,
            653.739990234375
        ]
    ],
    "paragraph": [
        [
            99.14399719238281,
            71.877685546875,
            518.7965698242188,
            118.48602294921875
        ],
        [
            109.45999908447266,
            199.38548278808594,
            524.8433837890625,
            337.3692932128906
        ],
        [
            90.02400207519531,
            450.3260498046875,
            524.0004272460938,
            488.8828125
        ],
        [
            90.02400207519531,
            519.6676635742188,
            524.7426147460938,
            582.2160034179688
        ],
        [
            90.02400207519531,
            664.3698120117188,
            469.45452880859375,
            692.07275390625
        ]
    ],
    "formula": [
        [
            282.04998779296875,
            346.2362060546875,
            329.92578125,
            377.19622802734375
        ],
        [
            259.6099853515625,
            501.05621337890625,
            352.62298583984375,
            513.8427734375
        ],
        [
            274.9700012207031,
            595.7662353515625,
            337.1429748535156,
            624.3927612304688
        ]
    ],
    "header": [],
    "footer": [
        [
            196.00999450683594,
            741.9336547851562,
            416.0908508300781,
            756.0020141601562
        ]
    ],
    "footnote": [
        [
            90.02400207519531,
            668.031005859375,
            96.34465789794922,
            673.9397583007812
        ]
    ],
    "numbered_list": [
        [
            93.26399993896484,
            380.5198669433594,
            433.7812194824219,
            429.9093017578125
        ]
    ],
    "marked_list": [
        [
            93.26399993896484,
            126.83924865722656,
            463.6082458496094,
            178.60577392578125
        ]
    ],
    "table_signature": [],
    "picture_signature": [],
    "picture": []
}