{
    "image_path": "./data/image/demo_4_24.png",
    "image_height": 841.9199829101562,
    "image_width": 595.3200073242188,
    "table": [],
    "title": [
        [
            240.52999877929688,
            74.90997314453125,
            354.6895446777344,
            89.90997314453125
        ]
    ],
    "paragraph": [],
    "formula": [],
    "header": [],
    "footer": [
        [
            187.5800018310547,
            791.8776245117188,
            407.6608581542969,
            805.9459838867188
        ]
    ],
    "footnote": [],
    "numbered_list": [
        [
            72.02400207519531,
            105.03605651855469,
            504.0807800292969,
            240.55270385742188
        ]
    ],
    "marked_list": [],
    "table_signature": [],
    "picture_signature": [],
    "picture": []
}