{
    "image_height": 792.0,
    "image_width": 612.0,
    "table": [
        [
            50.880001068115234,
            71.99598693847656,
            561.2200317382812,
            180.97998046875
        ]
    ],
    "title": [
        [
            90.02400207519531,
            228.98001098632812,
            496.56658935546875,
            284.45001220703125
        ],
        [
            205.72999572753906,
            409.1199951171875,
            526.7164306640625,
            459.6400146484375
        ],
        [
            179.89999389648438,
            517.47998046875,
            522.0447387695312,
            537.52001953125
        ]
    ],
    "paragraph": [
        [
            90.02400207519531,
            303.9598693847656,
            524.4810180664062,
            390.9427185058594
        ],
        [
            90.02400207519531,
            463.7292785644531,
            466.24407958984375,
            499.14923095703125
        ],
        [
            90.02400207519531,
            541.7660522460938,
            512.5990600585938,
            657.9927368164062
        ]
    ],
    "formula": [
        [
            284.2099914550781,
            181.2062530517578,
            327.64581298828125,
            212.16622924804688
        ]
    ],
    "header": [
        [
            199.61000061035156,
            35.9976806640625,
            412.50286865234375,
            50.0660400390625
        ]
    ],
    "footer": [
        [
            249.1699981689453,
            742.07763671875,
            362.83489990234375,
            756.14599609375
        ]
    ],
    "footnote": [
        [
            90.02400207519531,
            648.7109985351562,
            96.34465789794922,
            654.6197509765625
        ]
    ],
    "numbered_list": [],
    "marked_list": [],
    "table_signature": [],
    "picture_signature": [
        [
            90.02400207519531,
            289.0798645019531,
            524.3400268554688,
            302.0227355957031
        ]
    ],
    "picture": [],
    "multicolumn_2": [],
    "multicolumn_3": []
}