{
    "image_path": "./data/image/demo_2_17.png",
    "image_height": 612.0,
    "image_width": 792.0,
    "table": [
        [
            197.17999267578125,
            72.02001953125,
            707.5,
            133.94000244140625
        ]
    ],
    "title": [
        [
            90.02400207519531,
            274.2699890136719,
            384.8199462890625,
            287.22998046875
        ]
    ],
    "paragraph": [
        [
            131.4199981689453,
            153.6360626220703,
            703.7935180664062,
            178.90280151367188
        ],
        [
            90.02400207519531,
            229.12765502929688,
            695.786865234375,
            259.3960266113281
        ]
    ],
    "formula": [
        [
            371.92999267578125,
            192.03623962402344,
            420.0457763671875,
            222.9962158203125
        ]
    ],
    "header": [
        [
            313.1300048828125,
            37.91766357421875,
            478.9708557128906,
            51.98602294921875
        ]
    ],
    "footer": [
        [
            311.57000732421875,
            561.9576416015625,
            480.3270263671875,
            576.0260009765625
        ]
    ],
    "footnote": [],
    "numbered_list": [
        [
            93.26399993896484,
            295.9398498535156,
            389.72119140625,
            344.8827209472656
        ]
    ],
    "marked_list": [],
    "table_signature": [
        [
            90.02400207519531,
            135.9960479736328,
            229.3255615234375,
            147.67279052734375
        ]
    ],
    "picture_signature": [],
    "picture": []
}