{
    "image_path": "./data/image/demo_2_22.png",
    "image_height": 612.0,
    "image_width": 792.0,
    "table": [
        [
            84.72000147501628,
            72.3892352764423,
            594.8393534342448,
            277.03400268554685
        ]
    ],
    "title": [],
    "paragraph": [
        [
            90.02400207519531,
            279.1692810058594,
            705.0603637695312,
            352.38922119140625
        ]
    ],
    "formula": [],
    "header": [
        [
            313.1300048828125,
            37.91766357421875,
            478.9708557128906,
            51.98602294921875
        ]
    ],
    "footer": [
        [
            311.57000732421875,
            561.9576416015625,
            480.3270263671875,
            576.0260009765625
        ]
    ],
    "footnote": [],
    "numbered_list": [],
    "marked_list": [],
    "table_signature": [],
    "picture_signature": [],
    "picture": []
}