{
    "image_path": "./data/image/demo_4_20.png",
    "image_height": 612.0,
    "image_width": 792.0,
    "table": [],
    "title": [],
    "paragraph": [
        [
            105.73999786376953,
            71.96986389160156,
            688.6104125976562,
            129.4327392578125
        ]
    ],
    "formula": [
        [
            349.6099853515625,
            138.67274475097656,
            442.62298583984375,
            165.552734375
        ]
    ],
    "header": [],
    "footer": [
        [
            286.010009765625,
            561.9336547851562,
            506.0907287597656,
            576.0020141601562
        ]
    ],
    "footnote": [],
    "numbered_list": [],
    "marked_list": [],
    "table_signature": [],
    "picture_signature": [],
    "picture": []
}