{
    "image_path": "./data/image/demo_3_17.png",
    "image_height": 792.0,
    "image_width": 612.0,
    "table": [
        [
            17.19199930826823,
            72.35772323608398,
            527.4012308756511,
            342.9071350097656
        ]
    ],
    "title": [
        [
            90.02400207519531,
            449.5899963378906,
            183.5958709716797,
            460.6300048828125
        ]
    ],
    "paragraph": [
        [
            101.18000030517578,
            362.7892761230469,
            525.1168212890625,
            435.90924072265625
        ],
        [
            92.18399810791016,
            470.8998718261719,
            524.5311279296875,
            528.36279296875
        ],
        [
            95.06400299072266,
            564.1692504882812,
            519.9033813476562,
            656.1392822265625
        ]
    ],
    "formula": [
        [
            241.1300048828125,
            542.5762329101562,
            370.98297119140625,
            555.36279296875
        ]
    ],
    "header": [],
    "footer": [
        [
            227.80999755859375,
            741.9336547851562,
            384.1828918457031,
            756.0020141601562
        ]
    ],
    "footnote": [],
    "numbered_list": [],
    "marked_list": [],
    "table_signature": [
        [
            90.02400207519531,
            344.3460388183594,
            304.8861999511719,
            356.0227966308594
        ]
    ],
    "picture_signature": [],
    "picture": []
}