{
    "image_height": 792.0,
    "image_width": 612.0,
    "table": [],
    "title": [],
    "paragraph": [
        [
            98.54399871826172,
            71.877685546875,
            524.5305786132812,
            118.36602783203125
        ],
        [
            90.02400207519531,
            157.5298614501953,
            521.979736328125,
            284.3827209472656
        ]
    ],
    "formula": [
        [
            274.9700012207031,
            132.84620666503906,
            337.1429748535156,
            145.63272094726562
        ]
    ],
    "header": [
        [
            199.61000061035156,
            35.9976806640625,
            412.50286865234375,
            50.0660400390625
        ]
    ],
    "footer": [
        [
            249.1699981689453,
            742.07763671875,
            362.83489990234375,
            756.14599609375
        ]
    ],
    "footnote": [
        [
            90.02400207519531,
            161.1909942626953,
            99.10657501220703,
            167.09970092773438
        ]
    ],
    "numbered_list": [],
    "marked_list": [
        [
            93.26399993896484,
            634.1206665039062,
            519.8129272460938,
            710.5217895507812
        ]
    ],
    "table_signature": [],
    "picture_signature": [
        [
            194.3000030517578,
            294.25823974609375,
            417.57562255859375,
            304.80950927734375
        ]
    ],
    "picture": [
        [
            104.5199966430664,
            306.3600158691406,
            507.47998046875,
            622.2000122070312
        ]
    ],
    "multicolumn_2": [],
    "multicolumn_3": []
}