{
    "image_path": "./data/image/demo_3_5.png",
    "image_height": 792.0,
    "image_width": 612.0,
    "table": [],
    "title": [],
    "paragraph": [
        [
            70.2239990234375,
            71.94984436035156,
            221.8585968017578,
            381.676025390625
        ],
        [
            231.0500030517578,
            71.94984436035156,
            382.6095275878906,
            583.6292724609375
        ],
        [
            391.8699951171875,
            71.94984436035156,
            540.9124755859375,
            363.9427185058594
        ],
        [
            93.50399780273438,
            619.6576538085938,
            524.5184936523438,
            666.2460327148438
        ]
    ],
    "formula": [],
    "header": [],
    "footer": [
        [
            227.80999755859375,
            741.9336547851562,
            384.1828918457031,
            756.0020141601562
        ]
    ],
    "footnote": [
        [
            391.8699951171875,
            324.9010314941406,
            398.190673828125,
            330.8097229003906
        ]
    ],
    "numbered_list": [
        [
            93.26399993896484,
            675.62548828125,
            378.461181640625,
            702.3887329101562
        ]
    ],
    "marked_list": [],
    "table_signature": [],
    "picture_signature": [],
    "picture": []
}