{
    "image_path": "./data/image/demo_3_2.png",
    "image_height": 792.0,
    "image_width": 612.0,
    "table": [
        [
            17.187691615178036,
            585.0256072998047,
            527.4030949519231,
            714.3659973144531
        ]
    ],
    "title": [],
    "paragraph": [
        [
            97.7040023803711,
            72.06547546386719,
            524.831298828125,
            174.85928344726562
        ],
        [
            90.02400207519531,
            284.7060546875,
            523.8836059570312,
            323.2627868652344
        ]
    ],
    "formula": [
        [
            282.04998779296875,
            246.39625549316406,
            329.92578125,
            277.3562316894531
        ]
    ],
    "header": [],
    "footer": [
        [
            227.80999755859375,
            741.9336547851562,
            384.1828918457031,
            756.0020141601562
        ]
    ],
    "footnote": [],
    "numbered_list": [],
    "marked_list": [
        [
            93.26399993896484,
            185.720703125,
            383.1489562988281,
            223.24578857421875
        ]
    ],
    "table_signature": [],
    "picture_signature": [
        [
            219.64999389648438,
            564.2060546875,
            521.7427368164062,
            575.8827514648438
        ]
    ],
    "picture": [
        [
            212.27999877929688,
            332.0400085449219,
            522.0,
            562.3200073242188
        ]
    ]
}