{
    "image_path": "./data/image/demo_3_26.png",
    "image_height": 841.9199829101562,
    "image_width": 595.3200073242188,
    "table": [],
    "title": [
        [
            240.52999877929688,
            74.90997314453125,
            354.6895446777344,
            89.90997314453125
        ]
    ],
    "paragraph": [],
    "formula": [],
    "header": [],
    "footer": [
        [
            219.41000366210938,
            791.8776245117188,
            375.7829284667969,
            805.9459838867188
        ]
    ],
    "footnote": [],
    "numbered_list": [
        [
            72.02400207519531,
            104.89764404296875,
            482.1625061035156,
            225.01925659179688
        ]
    ],
    "marked_list": [],
    "table_signature": [],
    "picture_signature": [],
    "picture": []
}