{
    "image_path": "./data/image/demo_4_23.png",
    "image_height": 792.0,
    "image_width": 612.0,
    "table": [
        [
            84.6240005493164,
            301.9700012207031,
            595.0799560546875,
            447.30999755859375
        ]
    ],
    "title": [],
    "paragraph": [
        [
            101.41999816894531,
            71.87922668457031,
            513.6375732421875,
            182.65921020507812
        ],
        [
            90.02400207519531,
            224.9454803466797,
            524.6793823242188,
            292.72930908203125
        ]
    ],
    "formula": [
        [
            256.489990234375,
            192.48622131347656,
            355.62298583984375,
            221.11270141601562
        ]
    ],
    "header": [],
    "footer": [
        [
            196.00999450683594,
            741.9336547851562,
            416.0908508300781,
            756.0020141601562
        ]
    ],
    "footnote": [],
    "numbered_list": [],
    "marked_list": [],
    "table_signature": [
        [
            90.02400207519531,
            449.34765625,
            303.6712341308594,
            463.416015625
        ]
    ],
    "picture_signature": [],
    "picture": []
}