{
    "image_path": "./data/image/demo_2_23.png",
    "image_height": 841.9199829101562,
    "image_width": 595.3200073242188,
    "table": [],
    "title": [
        [
            240.52999877929688,
            74.90997314453125,
            354.6895446777344,
            89.90997314453125
        ]
    ],
    "paragraph": [],
    "formula": [],
    "header": [
        [
            214.72999572753906,
            37.91766357421875,
            380.57086181640625,
            51.98602294921875
        ]
    ],
    "footer": [
        [
            213.2899932861328,
            791.8776245117188,
            382.0469970703125,
            805.9459838867188
        ]
    ],
    "footnote": [],
    "numbered_list": [
        [
            72.02400207519531,
            104.96980285644531,
            525.5948486328125,
            164.47268676757812
        ]
    ],
    "marked_list": [],
    "table_signature": [],
    "picture_signature": [],
    "picture": []
}