{
    "image_path": "./data/image/demo_0_22.png",
    "image_height": 612.0,
    "image_width": 792.0,
    "table": [
        [
            84.6240005493164,
            195.6499982561384,
            595.0499877929688,
            290.8128574916295
        ]
    ],
    "title": [
        [
            90.02400207519531,
            74.66000366210938,
            443.3999328613281,
            87.62000274658203
        ]
    ],
    "paragraph": [
        [
            90.98400115966797,
            95.15925598144531,
            704.1492919921875,
            187.12924194335938
        ],
        [
            90.6240005493164,
            306.85986328125,
            703.6995849609375,
            334.6827392578125
        ],
        [
            90.02400207519531,
            410.2392883300781,
            685.0272216796875,
            483.21923828125
        ]
    ],
    "formula": [],
    "header": [
        [
            310.7300109863281,
            35.9976806640625,
            481.2508544921875,
            50.0660400390625
        ]
    ],
    "footer": [
        [
            310.6099853515625,
            562.07763671875,
            481.31085205078125,
            576.14599609375
        ]
    ],
    "footnote": [],
    "numbered_list": [],
    "marked_list": [
        [
            93.26399993896484,
            340.91546630859375,
            304.6111755371094,
            391.65576171875
        ]
    ],
    "table_signature": [
        [
            90.02400207519531,
            291.3260498046875,
            239.3148956298828,
            303.0028076171875
        ]
    ],
    "picture_signature": [],
    "picture": []
}