{
    "image_path": "./data/image/demo_0_12.png",
    "image_height": 612.0,
    "image_width": 792.0,
    "table": [],
    "title": [
        [
            90.02400207519531,
            80.18002319335938,
            262.1058349609375,
            91.22002410888672
        ]
    ],
    "paragraph": [
        [
            90.86399841308594,
            97.47605895996094,
            704.2891235351562,
            149.59280395507812
        ],
        [
            90.02400207519531,
            437.4498596191406,
            704.0477905273438,
            481.4728088378906
        ]
    ],
    "formula": [
        [
            346.489990234375,
            491.4862060546875,
            445.62298583984375,
            520.1327514648438
        ]
    ],
    "header": [
        [
            310.7300109863281,
            35.9976806640625,
            481.2508544921875,
            50.0660400390625
        ]
    ],
    "footer": [
        [
            310.6099853515625,
            562.07763671875,
            481.31085205078125,
            576.14599609375
        ]
    ],
    "footnote": [
        [
            90.02400207519531,
            441.11102294921875,
            96.34465789794922,
            447.01971435546875
        ]
    ],
    "numbered_list": [],
    "marked_list": [],
    "table_signature": [],
    "picture_signature": [
        [
            268.7300109863281,
            419.9960632324219,
            523.2039184570312,
            431.6728210449219
        ]
    ],
    "picture": [
        [
            223.32000732421875,
            161.4000244140625,
            568.6799926757812,
            418.08001708984375
        ]
    ]
}