{
    "image_path": "./data/image/demo_4_18.png",
    "image_height": 612.0,
    "image_width": 792.0,
    "table": [],
    "title": [
        [
            90.02400207519531,
            146.89999389648438,
            249.30992126464844,
            159.86000061035156
        ]
    ],
    "paragraph": [
        [
            90.02400207519531,
            104.60984802246094,
            704.20556640625,
            132.31271362304688
        ],
        [
            97.34400177001953,
            168.37765502929688,
            697.398681640625,
            214.99600219726562
        ]
    ],
    "formula": [
        [
            364.9700012207031,
            72.24623107910156,
            427.1429748535156,
            100.87271881103516
        ]
    ],
    "header": [],
    "footer": [
        [
            286.010009765625,
            561.9336547851562,
            506.0907287597656,
            576.0020141601562
        ]
    ],
    "footnote": [],
    "numbered_list": [],
    "marked_list": [],
    "table_signature": [],
    "picture_signature": [],
    "picture": []
}