{
    "image_height": 612.0,
    "image_width": 792.0,
    "table": [],
    "title": [],
    "paragraph": [
        [
            90.02400207519531,
            110.60984802246094,
            498.461181640625,
            123.55274200439453
        ],
        [
            90.02400207519531,
            446.4498596191406,
            531.701171875,
            459.3927307128906
        ]
    ],
    "formula": [
        [
            346.489990234375,
            72.24623107910156,
            445.62298583984375,
            100.87271881103516
        ]
    ],
    "header": [
        [
            289.6099853515625,
            35.9976806640625,
            502.5028991699219,
            50.0660400390625
        ]
    ],
    "footer": [
        [
            339.1700134277344,
            562.0536499023438,
            452.8349304199219,
            576.1220092773438
        ]
    ],
    "footnote": [
        [
            90.02400207519531,
            114.27101135253906,
            99.10657501220703,
            120.17972564697266
        ],
        [
            90.02400207519531,
            450.11102294921875,
            99.1084976196289,
            456.01971435546875
        ]
    ],
    "numbered_list": [],
    "marked_list": [],
    "table_signature": [],
    "picture_signature": [
        [
            90.02400207519531,
            135.5160675048828,
            346.8046569824219,
            147.19281005859375
        ]
    ],
    "picture": [
        [
            90.0,
            148.91998291015625,
            473.8800048828125,
            434.3999938964844
        ]
    ],
    "multicolumn_2": [],
    "multicolumn_3": []
}