{
    "image_path": "./data/image/demo_0_17.png",
    "image_height": 612.0,
    "image_width": 792.0,
    "table": [],
    "title": [
        [
            90.02400207519531,
            82.57998657226562,
            342.0999450683594,
            95.53998565673828
        ]
    ],
    "paragraph": [
        [
            117.13999938964844,
            103.23606872558594,
            704.2564086914062,
            155.35281372070312
        ],
        [
            95.06400299072266,
            441.3854675292969,
            699.404541015625,
            509.0193176269531
        ]
    ],
    "formula": [],
    "header": [
        [
            310.7300109863281,
            35.9976806640625,
            481.2508544921875,
            50.0660400390625
        ]
    ],
    "footer": [
        [
            310.6099853515625,
            562.0536499023438,
            481.31085205078125,
            576.1220092773438
        ]
    ],
    "footnote": [],
    "numbered_list": [
        [
            93.26399993896484,
            520.6536865234375,
            298.97698974609375,
            534.7220458984375
        ]
    ],
    "marked_list": [],
    "table_signature": [],
    "picture_signature": [
        [
            473.2300109863281,
            169.188232421875,
            701.9209594726562,
            179.739501953125
        ]
    ],
    "picture": [
        [
            360.4800109863281,
            181.3199920654297,
            702.0,
            435.239990234375
        ]
    ]
}