{
    "image_path": "./data/image/demo_0_15.png",
    "image_height": 792.0,
    "image_width": 612.0,
    "table": [
        [
            84.70400153266058,
            72.37275314331055,
            594.9199829101562,
            167.74000040690103
        ],
        [
            84.70400153266058,
            616.780029296875,
            594.9199829101562,
            706.6679870605469
        ]
    ],
    "title": [
        [
            90.02400207519531,
            303.1700134277344,
            403.6058349609375,
            314.21002197265625
        ]
    ],
    "paragraph": [
        [
            103.0999984741211,
            184.98545837402344,
            511.51129150390625,
            287.8092956542969
        ],
        [
            91.10399627685547,
            322.5598449707031,
            523.2010498046875,
            394.78271484375
        ],
        [
            90.02400207519531,
            469.6754455566406,
            524.9113159179688,
            572.46923828125
        ]
    ],
    "formula": [
        [
            259.6099853515625,
            584.0062255859375,
            352.62298583984375,
            612.6327514648438
        ]
    ],
    "header": [
        [
            220.72999572753906,
            35.9976806640625,
            391.2508239746094,
            50.0660400390625
        ]
    ],
    "footer": [
        [
            220.61000061035156,
            742.07763671875,
            391.31085205078125,
            756.14599609375
        ]
    ],
    "footnote": [],
    "numbered_list": [
        [
            93.26399993896484,
            401.8798522949219,
            411.50189208984375,
            451.0560302734375
        ]
    ],
    "marked_list": [],
    "table_signature": [
        [
            90.02400207519531,
            168.08985900878906,
            307.81097412109375,
            181.03274536132812
        ]
    ],
    "picture_signature": [],
    "picture": []
}