{
    "image_path": "./data/image/demo_4_16.png",
    "image_height": 612.0,
    "image_width": 792.0,
    "table": [
        [
            140.89999389648438,
            159.97998516376202,
            651.2139892578125,
            460.29998779296875
        ]
    ],
    "title": [
        [
            90.02400207519531,
            118.22000122070312,
            411.4599304199219,
            131.1800079345703
        ]
    ],
    "paragraph": [
        [
            90.02400207519531,
            462.2654724121094,
            674.0695190429688,
            512.6192626953125
        ]
    ],
    "formula": [
        [
            349.6099853515625,
            72.24623107910156,
            442.62298583984375,
            100.87271881103516
        ]
    ],
    "header": [],
    "footer": [
        [
            286.010009765625,
            561.9336547851562,
            506.0907287597656,
            576.0020141601562
        ]
    ],
    "footnote": [],
    "numbered_list": [],
    "marked_list": [
        [
            93.26399993896484,
            521.115234375,
            300.1163635253906,
            537.5752563476562
        ]
    ],
    "table_signature": [
        [
            90.02400207519531,
            141.857666015625,
            467.9474182128906,
            155.926025390625
        ]
    ],
    "picture_signature": [],
    "picture": []
}