{
    "image_path": "./data/image/demo_3_24.png",
    "image_height": 612.0,
    "image_width": 792.0,
    "table": [],
    "title": [
        [
            90.02400207519531,
            478.4200134277344,
            291.6999206542969,
            491.3800048828125
        ]
    ],
    "paragraph": [
        [
            90.26399993896484,
            396.09765625,
            704.7306518554688,
            458.7660217285156
        ]
    ],
    "formula": [
        [
            383.3299865722656,
            500.4862060546875,
            408.3820495605469,
            539.0262451171875
        ]
    ],
    "header": [],
    "footer": [
        [
            317.80999755859375,
            561.9576416015625,
            474.1828918457031,
            576.0260009765625
        ]
    ],
    "footnote": [],
    "numbered_list": [],
    "marked_list": [],
    "table_signature": [],
    "picture_signature": [
        [
            483.7900085449219,
            72.03605651855469,
            701.9697875976562,
            83.7127914428711
        ]
    ],
    "picture": [
        [
            296.2799987792969,
            85.44000244140625,
            702.0,
            387.1199951171875
        ]
    ]
}