{
    "image_height": 612.0,
    "image_width": 792.0,
    "table": [],
    "title": [],
    "paragraph": [
        [
            90.02400207519531,
            71.87922668457031,
            705.140625,
            144.97921752929688
        ],
        [
            96.38400268554688,
            198.04766845703125,
            698.2687377929688,
            244.51602172851562
        ]
    ],
    "formula": [
        [
            364.9700012207031,
            159.7262420654297,
            427.1429748535156,
            188.38272094726562
        ]
    ],
    "header": [
        [
            289.6099853515625,
            35.9976806640625,
            502.5028991699219,
            50.0660400390625
        ]
    ],
    "footer": [
        [
            339.1700134277344,
            562.07763671875,
            452.8349304199219,
            576.14599609375
        ]
    ],
    "footnote": [],
    "numbered_list": [
        [
            93.26399993896484,
            257.6398620605469,
            508.9905090332031,
            352.5093078613281
        ]
    ],
    "marked_list": [],
    "table_signature": [],
    "picture_signature": [],
    "picture": [],
    "multicolumn_2": [],
    "multicolumn_3": []
}