{
    "image_path": "./data/image/demo_2_12.png",
    "image_height": 612.0,
    "image_width": 792.0,
    "table": [],
    "title": [],
    "paragraph": [
        [
            90.02400207519531,
            106.76985168457031,
            704.2606811523438,
            134.59274291992188
        ]
    ],
    "formula": [],
    "header": [
        [
            313.1300048828125,
            37.91766357421875,
            478.9708557128906,
            51.98602294921875
        ]
    ],
    "footer": [
        [
            311.57000732421875,
            561.9336547851562,
            480.3270263671875,
            576.0020141601562
        ]
    ],
    "footnote": [],
    "numbered_list": [],
    "marked_list": [
        [
            93.26399993896484,
            68.27925109863281,
            465.3218994140625,
            84.7392349243164
        ]
    ],
    "table_signature": [],
    "picture_signature": [],
    "picture": []
}