{
    "image_path": "./data/image/demo_1_22.png",
    "image_height": 612.0,
    "image_width": 792.0,
    "table": [],
    "title": [
        [
            90.02400207519531,
            82.10000610351562,
            353.54583740234375,
            93.14000701904297
        ]
    ],
    "paragraph": [],
    "formula": [],
    "header": [
        [
            337.1300048828125,
            36.9576416015625,
            454.99493408203125,
            51.0260009765625
        ]
    ],
    "footer": [
        [
            304.7300109863281,
            561.9576416015625,
            487.262939453125,
            576.0260009765625
        ]
    ],
    "footnote": [],
    "numbered_list": [],
    "marked_list": [],
    "table_signature": [],
    "picture_signature": [],
    "picture": []
}