{
    "image_path": "./data/image/demo_1_15.png",
    "image_height": 792.0,
    "image_width": 612.0,
    "table": [],
    "title": [],
    "paragraph": [
        [
            90.02400207519531,
            71.87922668457031,
            475.9866027832031,
            126.1392593383789
        ],
        [
            90.02400207519531,
            474.83544921875,
            506.04278564453125,
            596.1927490234375
        ]
    ],
    "formula": [],
    "header": [
        [
            247.1300048828125,
            36.9576416015625,
            364.99493408203125,
            51.0260009765625
        ]
    ],
    "footer": [
        [
            214.72999572753906,
            741.9336547851562,
            397.262939453125,
            756.0020141601562
        ]
    ],
    "footnote": [
        [
            90.02400207519531,
            572.0009765625,
            96.34465789794922,
            577.9097290039062
        ]
    ],
    "numbered_list": [],
    "marked_list": [],
    "table_signature": [],
    "picture_signature": [
        [
            227.2100067138672,
            457.2860412597656,
            384.5389099121094,
            468.9627990722656
        ]
    ],
    "picture": [
        [
            90.95999908447266,
            135.59994506835938,
            521.0399780273438,
            455.5199890136719
        ]
    ]
}