{
    "image_path": "./data/image/demo_4_4.png",
    "image_height": 792.0,
    "image_width": 612.0,
    "table": [
        [
            84.69257300240653,
            635.6292114257812,
            594.8913922991071,
            715.906904740767
        ]
    ],
    "title": [
        [
            90.02400207519531,
            129.98001098632812,
            351.8858642578125,
            141.02000427246094
        ]
    ],
    "paragraph": [
        [
            90.02400207519531,
            71.87922668457031,
            525.0004272460938,
            107.17923736572266
        ],
        [
            90.02400207519531,
            147.11927795410156,
            521.72900390625,
            239.05923461914062
        ],
        [
            70.2239990234375,
            284.06927490234375,
            212.00289916992188,
            547.176025390625
        ],
        [
            391.8699951171875,
            284.06927490234375,
            541.4014892578125,
            564.602783203125
        ],
        [
            231.0500030517578,
            284.2554626464844,
            381.7244873046875,
            607.3260498046875
        ]
    ],
    "formula": [],
    "header": [],
    "footer": [
        [
            196.00999450683594,
            741.9336547851562,
            416.0908508300781,
            756.0020141601562
        ]
    ],
    "footnote": [],
    "numbered_list": [],
    "marked_list": [],
    "table_signature": [],
    "picture_signature": [],
    "picture": []
}