{
    "image_path": "./data/image/demo_0_18.png",
    "image_height": 612.0,
    "image_width": 792.0,
    "table": [],
    "title": [],
    "paragraph": [
        [
            90.02400207519531,
            114.80982971191406,
            697.6824340820312,
            187.93930053710938
        ]
    ],
    "formula": [],
    "header": [
        [
            310.7300109863281,
            35.9976806640625,
            481.2508544921875,
            50.0660400390625
        ]
    ],
    "footer": [
        [
            310.6099853515625,
            562.0536499023438,
            481.31085205078125,
            576.1220092773438
        ]
    ],
    "footnote": [
        [
            90.02400207519531,
            118.47102355957031,
            96.34465789794922,
            124.3797378540039
        ]
    ],
    "numbered_list": [
        [
            93.26399993896484,
            71.12983703613281,
            398.961181640625,
            96.4992904663086
        ]
    ],
    "marked_list": [],
    "table_signature": [],
    "picture_signature": [],
    "picture": []
}