{
    "image_path": "./data/image/demo_2_4.png",
    "image_height": 792.0,
    "image_width": 612.0,
    "table": [],
    "title": [
        [
            90.02400207519531,
            178.57998657226562,
            493.8299255371094,
            191.5399932861328
        ],
        [
            90.02400207519531,
            275.69000244140625,
            261.6258544921875,
            286.7300109863281
        ]
    ],
    "paragraph": [
        [
            95.30400085449219,
            71.94984436035156,
            519.098876953125,
            159.07272338867188
        ],
        [
            92.42400360107422,
            202.16981506347656,
            524.5311279296875,
            259.6627502441406
        ],
        [
            90.02400207519531,
            316.1276550292969,
            504.4905090332031,
            411.1960144042969
        ],
        [
            70.2239990234375,
            463.099853515625,
            303.1825866699219,
            592.3260498046875
        ],
        [
            311.45001220703125,
            463.1660461425781,
            542.5341186523438,
            635.6727294921875
        ]
    ],
    "formula": [
        [
            228.88999938964844,
            295.5962219238281,
            383.3429870605469,
            308.3827209472656
        ]
    ],
    "header": [
        [
            223.1300048828125,
            37.91766357421875,
            388.9708557128906,
            51.98602294921875
        ]
    ],
    "footer": [
        [
            221.57000732421875,
            741.9336547851562,
            390.3270263671875,
            756.0020141601562
        ]
    ],
    "footnote": [
        [
            70.2239990234375,
            466.7610168457031,
            76.54849243164062,
            472.6697082519531
        ]
    ],
    "numbered_list": [
        [
            93.26399993896484,
            664.7055053710938,
            435.3597717285156,
            703.46875
        ]
    ],
    "marked_list": [],
    "table_signature": [],
    "picture_signature": [],
    "picture": []
}