{
    "image_path": "./data/image/demo_0_4.png",
    "image_height": 612.0,
    "image_width": 792.0,
    "table": [],
    "title": [],
    "paragraph": [
        [
            291.04998779296875,
            124.64985656738281,
            502.6503601074219,
            245.50271606445312
        ],
        [
            511.8699951171875,
            124.64985656738281,
            723.5093994140625,
            468.9393005371094
        ],
        [
            70.19999694824219,
            124.71604919433594,
            277.4399108886719,
            297.7027282714844
        ],
        [
            90.02400207519531,
            499.0760498046875,
            703.6119384765625,
            524.1887817382812
        ]
    ],
    "formula": [
        [
            336.04998779296875,
            72.24623107910156,
            456.092041015625,
            85.03275299072266
        ]
    ],
    "header": [
        [
            310.7300109863281,
            35.9976806640625,
            481.2508544921875,
            50.0660400390625
        ]
    ],
    "footer": [
        [
            310.6099853515625,
            562.0536499023438,
            481.31085205078125,
            576.1220092773438
        ]
    ],
    "footnote": [
        [
            291.04998779296875,
            128.31101989746094,
            297.37066650390625,
            134.2197265625
        ],
        [
            70.19999694824219,
            258.7810363769531,
            76.5206527709961,
            264.6897277832031
        ]
    ],
    "numbered_list": [],
    "marked_list": [],
    "table_signature": [],
    "picture_signature": [],
    "picture": []
}